"행정구역별",2016,2016,2016,2016,2016,2016,2017,2017,2017,2017,2017,2017,2018,2018,2018,2018,2018,2018,2019,2019,2019,2019,2019,2019,2020,2020,2020,2020,2020,2020
"행정구역별",독거노인가구비율<br>(A÷B×100) (%),독거노인가구비율<br>(A÷B×100) (%),65세이상 1인가구<br>(A) (가구),65세이상 1인가구<br>(A) (가구),전체 일반가구<br>(B) (가구),전체 일반가구<br>(B) (가구),독거노인가구비율<br>(A÷B×100) (%),독거노인가구비율<br>(A÷B×100) (%),65세이상 1인가구<br>(A) (가구),65세이상 1인가구<br>(A) (가구),전체 일반가구<br>(B) (가구),전체 일반가구<br>(B) (가구),독거노인가구비율<br>(A÷B×100) (%),독거노인가구비율<br>(A÷B×100) (%),65세이상 1인가구<br>(A) (가구),65세이상 1인가구<br>(A) (가구),전체 일반가구<br>(B) (가구),전체 일반가구<br>(B) (가구),독거노인가구비율<br>(A÷B×100) (%),독거노인가구비율<br>(A÷B×100) (%),65세이상 1인가구<br>(A) (가구),65세이상 1인가구<br>(A) (가구),전체 일반가구<br>(B) (가구),전체 일반가구<br>(B) (가구),독거노인가구비율<br>(A÷B×100) (%),독거노인가구비율<br>(A÷B×100) (%),65세이상 1인가구<br>(A) (가구),65세이상 1인가구<br>(A) (가구),전체 일반가구<br>(B) (가구),전체 일반가구<br>(B) (가구)
"행정구역별",원데이터,전년 대비 증감 (증감률),원데이터,전년 대비 증감 (증감률),원데이터,전년 대비 증감 (증감률),원데이터,전년 대비 증감 (증감률),원데이터,전년 대비 증감 (증감률),원데이터,전년 대비 증감 (증감률),원데이터,전년 대비 증감 (증감률),원데이터,전년 대비 증감 (증감률),원데이터,전년 대비 증감 (증감률),원데이터,전년 대비 증감 (증감률),원데이터,전년 대비 증감 (증감률),원데이터,전년 대비 증감 (증감률),원데이터,전년 대비 증감 (증감률),원데이터,전년 대비 증감 (증감률),원데이터,전년 대비 증감 (증감률)
"전국",6.7,0.3 (4.7),1294453,71284 (5.8),19367696,256666 (1.3),7.0,0.3 (4.5),1370962,76509 (5.9),19673875,306179 (1.6),7.2,0.2 (2.9),1444588,73626 (5.4),19979188,305313 (1.6),7.5,0.3 (4.2),1532847,88259 (6.1),20343188,364000 (1.8),7.9,0.4 (5.3),1660711,127864 (8.3),20926710,583522 (2.9)
"서울특별시",5.2,0.3 (6.1),196456,10325 (5.5),3784705,215 (0.0),5.5,0.3 (5.8),209240,12784 (6.5),3813260,28555 (0.8),5.8,0.3 (5.5),220988,11748 (5.6),3839766,26506 (0.7),6.1,0.3 (5.2),238088,17100 (7.7),3896389,56623 (1.5),6.5,0.4 (6.6),259733,21645 (9.1),3982290,85901 (2.2)
"종로구",6.6,0.1 (1.5),3990,8 (0.2),60786,-794 (-1.3),6.8,0.2 (3.0),4252,262 (6.6),62372,1586 (2.6),6.8,0 (0.0),4356,104 (2.4),63773,1401 (2.2),7.2,0.4 (5.9),4542,186 (4.3),62652,-1121 (-1.8),7.7,0.5 (6.9),4897,355 (7.8),63414,762 (1.2)
"중구",7.0,0 (0.0),3606,18 (0.5),51503,298 (0.6),7.2,0.2 (2.9),3759,153 (4.2),52208,705 (1.4),7.4,0.2 (2.8),3935,176 (4.7),53102,894 (1.7),7.7,0.3 (4.1),4219,284 (7.2),54496,1394 (2.6),8.2,0.5 (6.5),4526,307 (7.3),55093,597 (1.1)
"용산구",6.3,0.1 (1.6),5680,85 (1.5),90164,-149 (-0.2),6.4,0.1 (1.6),5816,136 (2.4),91102,938 (1.0),6.5,0.1 (1.6),5973,157 (2.7),92500,1398 (1.5),6.6,0.1 (1.5),6163,190 (3.2),93177,677 (0.7),6.7,0.1 (1.5),6395,232 (3.8),95714,2537 (2.7)
"성동구",5.0,0.1 (2.0),5790,163 (2.9),116401,1682 (1.5),5.1,0.1 (2.0),6126,336 (5.8),120957,4556 (3.9),5.3,0.2 (3.9),6517,391 (6.4),123963,3006 (2.5),5.6,0.3 (5.7),6912,395 (6.1),122770,-1193 (-1.0),6.0,0.4 (7.1),7361,449 (6.5),122186,-584 (-0.5)
"광진구",4.3,0.2 (4.9),6331,318 (5.3),146196,-1522 (-1.0),4.6,0.3 (7.0),6740,409 (6.5),147846,1650 (1.1),4.8,0.2 (4.3),7104,364 (5.4),148735,889 (0.6),5.1,0.3 (6.3),7605,501 (7.1),149905,1170 (0.8),5.4,0.3 (5.9),8200,595 (7.8),152090,2185 (1.5)
"동대문구",6.2,0.4 (6.9),8938,365 (4.3),145179,-1498 (-1.0),6.5,0.3 (4.8),9379,441 (4.9),145294,115 (0.1),6.7,0.2 (3.1),9808,429 (4.6),146974,1680 (1.2),7.0,0.3 (4.5),10434,626 (6.4),148349,1375 (0.9),7.4,0.4 (5.7),11072,638 (6.1),150373,2024 (1.4)
"중랑구",6.0,0.4 (7.1),9513,613 (6.9),157571,34 (0.0),6.5,0.5 (8.3),10276,763 (8.0),159035,1464 (0.9),6.9,0.4 (6.2),10940,664 (6.5),159444,409 (0.3),7.4,0.5 (7.2),11877,937 (8.6),160776,1332 (0.8),8.1,0.7 (9.5),13280,1403 (11.8),164832,4056 (2.5)
"성북구",5.5,0.2 (3.8),9522,368 (4.0),174370,113 (0.1),5.7,0.2 (3.6),9926,404 (4.2),172973,-1397 (-0.8),6.0,0.3 (5.3),10370,444 (4.5),171943,-1030 (-0.6),6.2,0.2 (3.3),10936,566 (5.5),176729,4786 (2.8),6.6,0.4 (6.5),11771,835 (7.6),179660,2931 (1.7)
"강북구",7.6,0.4 (5.6),9502,453 (5.0),125580,-86 (-0.1),8.1,0.5 (6.6),10255,753 (7.9),127281,1701 (1.4),8.5,0.4 (4.9),10854,599 (5.8),127551,270 (0.2),9.1,0.6 (7.1),11631,777 (7.2),128012,461 (0.4),9.8,0.7 (7.7),12704,1073 (9.2),129805,1793 (1.4)
"도봉구",6.4,0.6 (10.3),8044,763 (10.5),125384,403 (0.3),6.8,0.4 (6.3),8520,476 (5.9),125974,590 (0.5),7.2,0.4 (5.9),9097,577 (6.8),126286,312 (0.2),7.8,0.6 (8.3),9858,761 (8.4),126831,545 (0.4),8.4,0.6 (7.7),10706,848 (8.6),127362,531 (0.4)
"노원구",6.4,0.4 (6.7),13004,764 (6.2),204606,-230 (-0.1),6.9,0.5 (7.8),14029,1025 (7.9),202955,-1651 (-0.8),7.4,0.5 (7.2),15020,991 (7.1),202326,-629 (-0.3),8.1,0.7 (9.5),16299,1279 (8.5),201458,-868 (-0.4),8.8,0.7 (8.6),17738,1439 (8.8),202695,1237 (0.6)
"은평구",5.8,0.4 (7.4),10331,563 (5.8),178775,-977 (-0.5),6.2,0.4 (6.9),11068,737 (7.1),179641,866 (0.5),6.5,0.3 (4.8),11731,663 (6.0),181338,1697 (0.9),6.9,0.4 (6.2),12673,942 (8.0),184890,3552 (2.0),7.4,0.5 (7.2),14020,1347 (10.6),190631,5741 (3.1)
"서대문구",5.7,0 (0.0),7219,367 (5.4),126581,5547 (4.6),6.0,0.3 (5.3),7570,351 (4.9),126672,91 (0.1),6.2,0.2 (3.3),7845,275 (3.6),127197,525 (0.4),6.5,0.3 (4.8),8338,493 (6.3),128635,1438 (1.1),6.7,0.2 (3.1),8899,561 (6.7),133112,4477 (3.5)
"마포구",4.5,0.1 (2.3),6946,165 (2.4),153610,-1371 (-0.9),4.8,0.3 (6.7),7278,332 (4.8),152814,-796 (-0.5),4.9,0.1 (2.1),7590,312 (4.3),154940,2126 (1.4),5.1,0.2 (4.1),7948,358 (4.7),156885,1945 (1.3),5.3,0.2 (3.9),8569,621 (7.8),160681,3796 (2.4)
"양천구",4.8,0.4 (9.1),7847,572 (7.9),163253,-570 (-0.3),5.1,0.3 (6.3),8282,435 (5.5),162045,-1208 (-0.7),5.5,0.4 (7.8),8950,668 (8.1),162039,-6 (-0.0),6.0,0.5 (9.1),9745,795 (8.9),162867,828 (0.5),6.5,0.5 (8.3),10847,1102 (11.3),166044,3177 (2.0)
"강서구",5.2,0.4 (8.3),11469,1079 (10.4),222652,5016 (2.3),5.4,0.2 (3.8),12557,1088 (9.5),231739,9087 (4.1),5.7,0.3 (5.6),13487,930 (7.4),235754,4015 (1.7),6.2,0.5 (8.8),14836,1349 (10.0),240135,4381 (1.9),6.7,0.5 (8.1),16294,1458 (9.8),244097,3962 (1.6)
"구로구",5.0,0.4 (8.7),7759,531 (7.3),156671,143 (0.1),5.4,0.4 (8.0),8366,607 (7.8),156110,-561 (-0.4),5.7,0.3 (5.6),8961,595 (7.1),156235,125 (0.1),6.1,0.4 (7.0),9795,834 (9.3),160378,4143 (2.7),6.6,0.5 (8.2),10819,1024 (10.5),164083,3705 (2.3)
"금천구",6.2,0.5 (8.8),5777,425 (7.9),93402,-41 (-0.0),6.3,0.1 (1.6),6042,265 (4.6),95331,1929 (2.1),6.7,0.4 (6.3),6407,365 (6.0),96298,967 (1.0),7.0,0.3 (4.5),6913,506 (7.9),99315,3017 (3.1),7.4,0.4 (5.7),7619,706 (10.2),103432,4117 (4.1)
"영등포구",5.5,0.2 (3.8),8149,251 (3.2),146904,-841 (-0.6),5.7,0.2 (3.6),8477,328 (4.0),147559,655 (0.4),5.8,0.1 (1.8),8678,201 (2.4),149831,2272 (1.5),6.0,0.2 (3.4),9259,581 (6.7),153923,4092 (2.7),6.2,0.2 (3.3),10036,777 (8.4),162391,8468 (5.5)
"동작구",4.7,0.2 (4.4),7482,305 (4.2),159770,-1230 (-0.8),5.0,0.3 (6.4),7997,515 (6.9),160062,292 (0.2),5.2,0.2 (4.0),8453,456 (5.7),161495,1433 (0.9),5.6,0.4 (7.7),9187,734 (8.7),164963,3468 (2.1),5.9,0.3 (5.4),9923,736 (8.0),167766,2803 (1.7)
"관악구",4.5,0.3 (7.1),10333,693 (7.2),230570,1934 (0.8),4.7,0.2 (4.4),10915,582 (5.6),232212,1642 (0.7),4.9,0.2 (4.3),11503,588 (5.4),236761,4549 (2.0),5.2,0.3 (6.1),12500,997 (8.7),242154,5393 (2.3),5.5,0.3 (5.8),13676,1176 (9.4),248959,6805 (2.8)
"서초구",3.3,0.1 (3.1),5152,297 (6.1),155051,1020 (0.7),3.6,0.3 (9.1),5575,423 (8.2),155513,462 (0.3),3.8,0.2 (5.6),5888,313 (5.6),155418,-95 (-0.1),4.0,0.2 (5.3),6277,389 (6.6),155377,-41 (-0.0),4.4,0.4 (10.0),6891,614 (9.8),156123,746 (0.5)
"강남구",3.8,0.2 (5.6),7906,392 (5.2),208904,-2453 (-1.2),4.1,0.3 (7.9),8502,596 (7.5),207369,-1535 (-0.7),4.3,0.2 (4.9),8819,317 (3.7),203083,-4286 (-2.1),4.6,0.3 (7.0),9490,671 (7.6),206524,3441 (1.7),4.9,0.3 (6.5),10335,845 (8.9),208833,2309 (1.1)
"송파구",3.7,0.2 (5.7),8586,505 (6.2),230801,-140 (-0.1),3.9,0.2 (5.4),9326,740 (8.6),237516,6715 (2.9),4.1,0.2 (5.1),10036,710 (7.6),243547,6031 (2.5),4.4,0.3 (7.3),11128,1092 (10.9),252212,8665 (3.6),4.8,0.4 (9.1),12324,1196 (10.7),255766,3554 (1.4)
"강동구",4.7,0.2 (4.4),7580,262 (3.6),160021,-4073 (-2.5),5.1,0.4 (8.5),8207,627 (8.3),160680,659 (0.4),5.4,0.3 (5.9),8666,459 (5.6),159233,-1447 (-0.9),5.8,0.4 (7.4),9523,857 (9.9),162976,3743 (2.4),6.1,0.3 (5.2),10831,1308 (13.7),177148,14172 (8.7)
"부산광역시",7.7,0.4 (5.5),102877,5826 (6.0),1344170,8270 (0.6),8.1,0.4 (5.2),109391,6514 (6.3),1354401,10231 (0.8),8.6,0.5 (6.2),116589,7198 (6.6),1363608,9207 (0.7),9.1,0.5 (5.8),124735,8146 (7.0),1377030,13422 (1.0),9.7,0.6 (6.6),135957,11222 (9.0),1405037,28007 (2.0)
"중구",11.7,0.7 (6.4),2395,131 (5.8),20468,-170 (-0.8),12.0,0.3 (2.6),2444,49 (2.0),20307,-161 (-0.8),13.0,1 (8.3),2578,134 (5.5),19886,-421 (-2.1),13.4,0.4 (3.1),2661,83 (3.2),19847,-39 (-0.2),14.5,1.1 (8.2),2971,310 (11.6),20508,661 (3.3)
"서구",11.3,0.5 (4.6),5264,214 (4.2),46391,-451 (-1.0),11.8,0.5 (4.4),5361,97 (1.8),45600,-791 (-1.7),12.3,0.5 (4.2),5657,296 (5.5),46072,472 (1.0),12.7,0.4 (3.3),5906,249 (4.4),46608,536 (1.2),13.4,0.7 (5.5),6353,447 (7.6),47261,653 (1.4)
"동구",12.9,0.6 (4.9),4829,161 (3.4),37308,-557 (-1.5),13.4,0.5 (3.9),4999,170 (3.5),37402,94 (0.3),13.8,0.4 (3.0),5137,138 (2.8),37194,-208 (-0.6),13.9,0.1 (0.7),5320,183 (3.6),38163,969 (2.6),14.3,0.4 (2.9),5694,374 (7.0),39776,1613 (4.2)
"영도구",11.7,0.8 (7.3),6069,335 (5.8),51910,-538 (-1.0),12.4,0.7 (6.0),6321,252 (4.2),50951,-959 (-1.8),13.3,0.9 (7.3),6696,375 (5.9),50356,-595 (-1.2),14.1,0.8 (6.0),7006,310 (4.6),49823,-533 (-1.1),14.7,0.6 (4.3),7479,473 (6.8),50842,1019 (2.0)
"부산진구",7.9,0.4 (5.3),12042,501 (4.3),151910,-1631 (-1.1),8.3,0.4 (5.1),12664,622 (5.2),153075,1165 (0.8),8.7,0.4 (4.8),13147,483 (3.8),151852,-1223 (-0.8),9.1,0.4 (4.6),13841,694 (5.3),152433,581 (0.4),9.5,0.4 (4.4),14945,1104 (8.0),157105,4672 (3.1)
"동래구",6.9,0.4 (6.2),6856,376 (5.8),99683,661 (0.7),7.3,0.4 (5.8),7314,458 (6.7),100540,857 (0.9),7.7,0.4 (5.5),7774,460 (6.3),100613,73 (0.1),8.1,0.4 (5.2),8400,626 (8.1),103176,2563 (2.5),8.8,0.7 (8.6),9283,883 (10.5),106013,2837 (2.7)
"남구",7.1,0.4 (6.0),7705,396 (5.4),108478,-867 (-0.8),7.6,0.5 (7.0),8233,528 (6.9),108016,-462 (-0.4),7.9,0.3 (3.9),8781,548 (6.7),111261,3245 (3.0),8.2,0.3 (3.8),9166,385 (4.4),111594,333 (0.3),8.9,0.7 (8.5),9880,714 (7.8),110605,-989 (-0.9)
"북구",7.2,0.3 (4.3),8210,563 (7.4),114093,2984 (2.7),7.8,0.6 (8.3),8860,650 (7.9),113476,-617 (-0.5),8.4,0.6 (7.7),9456,596 (6.7),112896,-580 (-0.5),9.1,0.7 (8.3),10211,755 (8.0),112242,-654 (-0.6),9.9,0.8 (8.8),11219,1008 (9.9),113121,879 (0.8)
"해운대구",6.9,0.4 (6.2),10712,780 (7.9),154367,1097 (0.7),7.4,0.5 (7.2),11408,696 (6.5),153815,-552 (-0.4),7.9,0.5 (6.8),12188,780 (6.8),154967,1152 (0.7),8.4,0.5 (6.3),13091,903 (7.4),156230,1263 (0.8),9.0,0.6 (7.1),14291,1200 (9.2),158613,2383 (1.5)
"사하구",7.0,0.5 (7.7),8940,721 (8.8),127097,-63 (-0.0),7.5,0.5 (7.1),9629,689 (7.7),128433,1336 (1.1),8.1,0.6 (8.0),10457,828 (8.6),129242,809 (0.6),8.9,0.8 (9.9),11382,925 (8.8),128548,-694 (-0.5),9.8,0.9 (10.1),12524,1142 (10.0),128354,-194 (-0.2)
"금정구",7.4,0.5 (7.2),7264,464 (6.8),98500,512 (0.5),7.8,0.4 (5.4),7803,539 (7.4),99425,925 (0.9),8.4,0.6 (7.7),8470,667 (8.5),101118,1693 (1.7),9.0,0.6 (7.1),9091,621 (7.3),101294,176 (0.2),9.6,0.6 (6.7),9819,728 (8.0),101802,508 (0.5)
"강서구",4.9,-0.6 (-10.9),1858,69 (3.9),37589,4792 (14.6),4.8,-0.1 (-2.0),2007,149 (8.0),41987,4398 (11.7),5.0,0.2 (4.2),2190,183 (9.1),44028,2041 (4.9),4.8,-0.2 (-4.0),2254,64 (2.9),47138,3110 (7.1),5.1,0.3 (6.3),2607,353 (15.7),51376,4238 (9.0)
"연제구",6.9,0.2 (3.0),5381,120 (2.3),78070,-24 (-0.0),7.3,0.4 (5.8),5762,381 (7.1),79475,1405 (1.8),7.8,0.5 (6.8),6252,490 (8.5),80104,629 (0.8),8.4,0.6 (7.7),7003,751 (12.0),83398,3294 (4.1),9.0,0.6 (7.1),7714,711 (10.2),85699,2301 (2.8)
"수영구",7.4,0.3 (4.2),5251,250 (5.0),70784,720 (1.0),7.7,0.3 (4.1),5582,331 (6.3),72186,1402 (2.0),8.2,0.5 (6.5),5973,391 (7.0),72556,370 (0.5),8.8,0.6 (7.3),6525,552 (9.2),74187,1631 (2.2),9.3,0.5 (5.7),7135,610 (9.3),76700,2513 (3.4)
"사상구",7.0,0.5 (7.7),6332,376 (6.3),90745,-966 (-1.1),7.5,0.5 (7.1),6850,518 (8.2),90925,180 (0.2),8.1,0.6 (8.0),7302,452 (6.6),90355,-570 (-0.6),8.8,0.7 (8.6),7939,637 (8.7),90171,-184 (-0.2),9.6,0.8 (9.1),8718,779 (9.8),90678,507 (0.6)
"기장군",6.6,0.3 (4.8),3769,369 (10.9),56777,2771 (5.1),7.1,0.5 (7.6),4154,385 (10.2),58788,2011 (3.5),7.4,0.3 (4.2),4531,377 (9.1),61108,2320 (3.9),7.9,0.5 (6.8),4939,408 (9.0),62178,1070 (1.8),8.0,0.1 (1.3),5325,386 (7.8),66584,4406 (7.1)
"대구광역시",6.7,0.5 (8.1),62394,4671 (8.1),935753,7225 (0.8),7.1,0.4 (6.0),67025,4631 (7.4),948030,12277 (1.3),7.5,0.4 (5.6),71359,4334 (6.5),957516,9486 (1.0),7.9,0.4 (5.3),76077,4718 (6.6),968620,11104 (1.2),8.5,0.6 (7.6),83459,7382 (9.7),985816,17196 (1.8)
"중구",9.6,0.4 (4.3),3199,135 (4.4),33349,-104 (-0.3),9.9,0.3 (3.1),3252,53 (1.7),32968,-381 (-1.1),9.6,-0.3 (-3.0),3260,8 (0.2),34109,1141 (3.5),9.5,-0.1 (-1.0),3263,3 (0.1),34207,98 (0.3),10.0,0.5 (5.3),3467,204 (6.3),34805,598 (1.7)
"동구",8.1,0.5 (6.6),10840,813 (8.1),133741,2343 (1.8),8.7,0.6 (7.4),11770,930 (8.6),135974,2233 (1.7),9.0,0.3 (3.4),12551,781 (6.6),138759,2785 (2.0),9.5,0.5 (5.6),13254,703 (5.6),139168,409 (0.3),10.3,0.8 (8.4),14661,1407 (10.6),141788,2620 (1.9)
"서구",8.8,0.7 (8.6),7030,480 (7.3),79496,-1504 (-1.9),9.5,0.7 (8.0),7446,416 (5.9),78170,-1326 (-1.7),10.1,0.6 (6.3),7712,266 (3.6),76111,-2059 (-2.6),11.0,0.9 (8.9),8129,417 (5.4),73980,-2131 (-2.8),11.9,0.9 (8.2),8822,693 (8.5),74097,117 (0.2)
"남구",9.6,0.7 (7.9),6547,348 (5.6),68498,-1001 (-1.4),10.1,0.5 (5.2),6907,360 (5.5),68227,-271 (-0.4),10.4,0.3 (3.0),7131,224 (3.2),68263,36 (0.1),10.9,0.5 (4.8),7459,328 (4.6),68268,5 (0.0),11.7,0.8 (7.3),8061,602 (8.1),69120,852 (1.2)
"북구",5.5,0.4 (7.8),9223,734 (8.6),167089,515 (0.3),5.9,0.4 (7.3),9919,696 (7.5),169117,2028 (1.2),6.3,0.4 (6.8),10692,773 (7.8),171041,1924 (1.1),6.6,0.3 (4.8),11602,910 (8.5),174696,3655 (2.1),7.1,0.5 (7.6),12761,1159 (10.0),179584,4888 (2.8)
"수성구",6.1,0.5 (8.9),9535,617 (6.9),157126,-777 (-0.5),6.4,0.3 (4.9),10079,544 (5.7),156945,-181 (-0.1),6.9,0.5 (7.8),10817,738 (7.3),156596,-349 (-0.2),7.3,0.4 (5.8),11524,707 (6.5),157906,1310 (0.8),7.9,0.6 (8.2),12586,1062 (9.2),160239,2333 (1.5)
"달서구",5.4,0.5 (10.2),12005,1100 (10.1),220750,-1492 (-0.7),6.0,0.6 (11.1),13135,1130 (9.4),219535,-1215 (-0.6),6.5,0.5 (8.3),14225,1090 (8.3),220531,996 (0.5),6.9,0.4 (6.2),15516,1291 (9.1),224644,4113 (1.9),7.5,0.6 (8.7),17121,1605 (10.3),226813,2169 (1.0)
"달성군",5.3,-0.1 (-1.9),4015,444 (12.4),75704,9245 (13.9),5.2,-0.1 (-1.9),4517,502 (12.5),87094,11390 (15.0),5.4,0.2 (3.8),4971,454 (10.1),92106,5012 (5.8),5.6,0.2 (3.7),5330,359 (7.2),95751,3645 (4.0),6.0,0.4 (7.1),5980,650 (12.2),99370,3619 (3.8)
"인천광역시",5.1,0.3 (6.3),54272,3622 (7.2),1062828,17411 (1.7),5.4,0.3 (5.9),58824,4552 (8.4),1080285,17457 (1.6),5.8,0.4 (7.4),63031,4207 (7.2),1094749,14464 (1.3),6.1,0.3 (5.2),68648,5617 (8.9),1120576,25827 (2.4),6.7,0.6 (9.8),76298,7650 (11.1),1147200,26624 (2.4)
"중구",6.4,0 (0.0),2810,53 (1.9),43924,648 (1.5),6.7,0.3 (4.7),3067,257 (9.1),45897,1973 (4.5),6.7,0 (0.0),3270,203 (6.6),48828,2931 (6.4),6.5,-0.2 (-3.0),3640,370 (11.3),55660,6832 (14.0),6.9,0.4 (6.2),4100,460 (12.6),59494,3834 (6.9)
"동구",9.4,0.5 (5.6),2487,100 (4.2),26576,-376 (-1.4),10.1,0.7 (7.4),2659,172 (6.9),26449,-127 (-0.5),10.5,0.4 (4.0),2715,56 (2.1),25737,-712 (-2.7),11.2,0.7 (6.7),2833,118 (4.3),25183,-554 (-2.2),12.1,0.9 (8.0),3041,208 (7.3),25234,51 (0.2)
"남구",5.9,0.2 (3.5),9557,602 (6.7),162564,5804 (3.7),6.2,0.3 (5.1),10393,836 (8.7),166978,4414 (2.7),-,-,-,-,-,-,-,-,-,-,-,-,-,-,-,-,-,-
"연수구",3.6,0.1 (2.9),4086,299 (7.9),112840,5482 (5.1),3.9,0.3 (8.3),4493,407 (10.0),115927,3087 (2.7),4.0,0.1 (2.6),4798,305 (6.8),120190,4263 (3.7),4.1,0.1 (2.5),5393,595 (12.4),130428,10238 (8.5),4.4,0.3 (7.3),6154,761 (14.1),141117,10689 (8.2)
"남동구",4.8,0.4 (9.1),9238,950 (11.5),192717,2629 (1.4),5.1,0.3 (6.3),10024,786 (8.5),196858,4141 (2.1),5.5,0.4 (7.8),10992,968 (9.7),201623,4765 (2.4),6.1,0.6 (10.9),12338,1346 (12.2),203704,2081 (1.0),6.8,0.7 (11.5),14018,1680 (13.6),207421,3717 (1.8)
"부평구",5.4,0.3 (5.9),10795,594 (5.8),198909,-30 (-0.0),5.8,0.4 (7.4),11527,732 (6.8),198443,-466 (-0.2),6.2,0.4 (6.9),12137,610 (5.3),195852,-2591 (-1.3),6.7,0.5 (8.1),13114,977 (8.0),194930,-922 (-0.5),7.4,0.7 (10.4),14313,1199 (9.1),193963,-967 (-0.5)
"계양구",4.3,0.3 (7.5),5035,393 (8.5),116055,-348 (-0.3),4.7,0.4 (9.3),5487,452 (9.0),115976,-79 (-0.1),5.2,0.5 (10.6),5906,419 (7.6),114050,-1926 (-1.7),5.7,0.5 (9.6),6476,570 (9.7),112858,-1192 (-1.0),6.4,0.7 (12.3),7236,760 (11.7),113632,774 (0.7)
"서구",3.5,0.3 (9.4),6054,487 (8.7),174707,3204 (1.9),3.8,0.3 (8.6),6705,651 (10.8),178307,3600 (2.1),3.9,0.1 (2.6),7387,682 (10.2),189779,11472 (6.4),4.2,0.3 (7.7),8276,889 (12.0),195663,5884 (3.1),4.6,0.4 (9.5),9336,1060 (12.8),200854,5191 (2.7)
"미추홀구",-,-,-,-,-,-,-,-,-,-,-,-,6.8,,11088,,162813,,7.1,0.3 (4.4),11723,635 (5.7),166240,3427 (2.1),7.7,0.6 (8.5),12948,1225 (10.4),168908,2668 (1.6)
"강화군",13.1,0.2 (1.6),3335,101 (3.1),25477,344 (1.4),13.5,0.4 (3.1),3521,186 (5.6),26103,626 (2.5),13.9,0.4 (3.0),3726,205 (5.8),26728,625 (2.4),14.0,0.1 (0.7),3798,72 (1.9),27048,320 (1.2),14.3,0.3 (2.1),3988,190 (5.0),27827,779 (2.9)
"옹진군",9.7,0.5 (5.4),875,43 (5.2),9059,54 (0.6),10.1,0.4 (4.1),948,73 (8.3),9347,288 (3.2),11.1,1 (9.9),1012,64 (6.8),9149,-198 (-2.1),11.9,0.8 (7.2),1057,45 (4.4),8862,-287 (-3.1),13.3,1.4 (11.8),1164,107 (10.1),8750,-112 (-1.3)
"광주광역시",5.8,0.3 (5.5),33006,2006 (6.5),569372,2215 (0.4),6.1,0.3 (5.2),35005,1999 (6.1),575732,6360 (1.1),6.4,0.3 (4.9),36782,1777 (5.1),578559,2827 (0.5),6.6,0.2 (3.1),38907,2125 (5.8),587159,8600 (1.5),7.0,0.4 (6.1),42224,3317 (8.5),599217,12058 (2.1)
"동구",8.2,0.2 (2.5),3547,54 (1.5),43348,-493 (-1.1),8.5,0.3 (3.7),3715,168 (4.7),43634,286 (0.7),8.8,0.3 (3.5),3807,92 (2.5),43155,-479 (-1.1),8.7,-0.1 (-1.1),3896,89 (2.3),44954,1799 (4.2),8.8,0.1 (1.1),4169,273 (7.0),47388,2434 (5.4)
"서구",5.4,0.3 (5.9),6529,496 (8.2),120798,2596 (2.2),5.7,0.3 (5.6),7001,472 (7.2),122103,1305 (1.1),6.1,0.4 (7.0),7491,490 (7.0),121889,-214 (-0.2),6.4,0.3 (4.9),7922,431 (5.8),122889,1000 (0.8),7.0,0.6 (9.4),8710,788 (9.9),124204,1315 (1.1)
"남구",6.9,0.4 (6.2),5802,337 (6.2),83897,413 (0.5),7.2,0.3 (4.3),6107,305 (5.3),84399,502 (0.6),7.5,0.3 (4.2),6354,247 (4.0),84578,179 (0.2),7.9,0.4 (5.3),6774,420 (6.6),86172,1594 (1.9),8.4,0.5 (6.3),7353,579 (8.5),87098,926 (1.1)
"북구",6.2,0.6 (10.7),10788,785 (7.8),173862,-3194 (-1.8),6.6,0.4 (6.5),11521,733 (6.8),175203,1341 (0.8),6.9,0.3 (4.5),12188,667 (5.8),177427,2224 (1.3),7.2,0.3 (4.3),12945,757 (6.2),178759,1332 (0.8),7.7,0.5 (6.9),14029,1084 (8.4),181167,2408 (1.3)
"광산구",4.3,0.1 (2.4),6340,334 (5.6),147467,2893 (2.0),4.4,0.1 (2.3),6661,321 (5.1),150393,2926 (2.0),4.6,0.2 (4.5),6942,281 (4.2),151510,1117 (0.7),4.8,0.2 (4.3),7370,428 (6.2),154385,2875 (1.9),5.0,0.2 (4.2),7963,593 (8.0),159360,4975 (3.2)
"대전광역시",5.2,0.3 (6.1),30503,2245 (7.9),590698,8194 (1.4),5.5,0.3 (5.8),32917,2414 (7.9),597736,7038 (1.2),5.8,0.3 (5.5),34946,2029 (6.2),602175,4439 (0.7),6.2,0.4 (6.9),37723,2777 (7.9),609043,6868 (1.1),6.6,0.4 (6.5),41614,3891 (10.3),631208,22165 (3.6)
"동구",7.3,0.5 (7.4),7281,433 (6.3),99152,-959 (-1.0),7.7,0.4 (5.5),7649,368 (5.1),99302,150 (0.2),8.1,0.4 (5.2),8022,373 (4.9),99157,-145 (-0.1),8.5,0.4 (4.9),8606,584 (7.3),100718,1561 (1.6),9.0,0.5 (5.9),9259,653 (7.6),102668,1950 (1.9)
"중구",7.3,0.5 (7.4),6915,485 (7.5),94941,32 (0.0),7.8,0.5 (6.8),7411,496 (7.2),95532,591 (0.6),8.2,0.4 (5.1),7822,411 (5.5),95807,275 (0.3),8.8,0.6 (7.3),8475,653 (8.3),96106,299 (0.3),9.5,0.7 (8.0),9287,812 (9.6),97687,1581 (1.6)
"서구",4.2,0.2 (5.0),8074,687 (9.3),190211,3694 (2.0),4.6,0.4 (9.5),8810,736 (9.1),191868,1657 (0.9),4.9,0.3 (6.5),9427,617 (7.0),194136,2268 (1.2),5.1,0.2 (4.1),10127,700 (7.4),196870,2734 (1.4),5.6,0.5 (9.8),11361,1234 (12.2),203296,6426 (3.3)
"유성구",2.9,0.1 (3.6),3784,310 (8.9),132178,5947 (4.7),3.1,0.2 (6.9),4269,485 (12.8),137871,5693 (4.3),3.3,0.2 (6.5),4627,358 (8.4),140085,2214 (1.6),3.6,0.3 (9.1),5089,462 (10.0),143172,3087 (2.2),3.7,0.1 (2.8),5718,629 (12.4),154100,10928 (7.6)
"대덕구",6.0,0.5 (9.1),4449,330 (8.0),74216,-520 (-0.7),6.5,0.5 (8.3),4778,329 (7.4),73163,-1053 (-1.4),6.9,0.4 (6.2),5048,270 (5.7),72990,-173 (-0.2),7.5,0.6 (8.7),5426,378 (7.5),72177,-813 (-1.1),8.2,0.7 (9.3),5989,563 (10.4),73457,1280 (1.8)
"울산광역시",4.5,0.3 (7.1),19323,1370 (7.6),426027,2615 (0.6),4.9,0.4 (8.9),21004,1681 (8.7),428720,2693 (0.6),5.2,0.3 (6.1),22582,1578 (7.5),431391,2671 (0.6),5.7,0.5 (9.6),24752,2170 (9.6),437094,5703 (1.3),6.2,0.5 (8.8),27387,2635 (10.6),444087,6993 (1.6)
"중구",5.5,0.3 (5.8),4906,304 (6.6),89344,271 (0.3),6.0,0.5 (9.1),5323,417 (8.5),89318,-26 (-0.0),6.5,0.5 (8.3),5722,399 (7.5),87707,-1611 (-1.8),7.2,0.7 (10.8),6207,485 (8.5),86756,-951 (-1.1),7.9,0.7 (9.7),6864,657 (10.6),86488,-268 (-0.3)
"남구",4.0,0.3 (8.1),5169,427 (9.0),128351,-398 (-0.3),4.4,0.4 (10.0),5701,532 (10.3),128116,-235 (-0.2),4.8,0.4 (9.1),6163,462 (8.1),128089,-27 (-0.0),5.3,0.5 (10.4),6852,689 (11.2),128579,490 (0.4),5.8,0.5 (9.4),7596,744 (10.9),130469,1890 (1.5)
"동구",3.6,0.4 (12.5),2269,218 (10.6),63744,246 (0.4),3.9,0.3 (8.3),2475,206 (9.1),62863,-881 (-1.4),4.4,0.5 (12.8),2729,254 (10.3),61714,-1149 (-1.8),5.1,0.7 (15.9),3083,354 (13.0),60684,-1030 (-1.7),5.7,0.6 (11.8),3466,383 (12.4),61081,397 (0.7)
"북구",3.0,0.1 (3.4),2009,164 (8.9),65921,1884 (2.9),3.3,0.3 (10.0),2226,217 (10.8),68210,2289 (3.5),3.4,0.1 (3.0),2426,200 (9.0),71603,3393 (5.0),3.5,0.1 (2.9),2698,272 (11.2),76681,5078 (7.1),3.8,0.3 (8.6),3039,341 (12.6),79213,2532 (3.3)
"울주군",6.3,0.3 (5.0),4970,257 (5.5),78667,612 (0.8),6.6,0.3 (4.8),5279,309 (6.2),80213,1546 (2.0),6.7,0.1 (1.5),5542,263 (5.0),82278,2065 (2.6),7.0,0.3 (4.5),5912,370 (6.7),84394,2116 (2.6),7.4,0.4 (5.7),6422,510 (8.6),86836,2442 (2.9)
"세종특별자치시",4.0,-0.4 (-9.1),3602,278 (8.4),90413,15194 (20.2),3.9,-0.1 (-2.5),4078,476 (13.2),104325,13912 (15.4),3.8,-0.1 (-2.6),4544,466 (11.4),119029,14704 (14.1),3.9,0.1 (2.6),5107,563 (12.4),129664,10635 (8.9),4.1,0.2 (5.1),5640,533 (10.4),139106,9442 (7.3)
"경기도",4.7,0.3 (6.8),211633,16574 (8.5),4484424,99682 (2.3),5.0,0.3 (6.4),227890,16257 (7.7),4602950,118526 (2.6),5.2,0.2 (4.0),245480,17590 (7.7),4751497,148547 (3.2),5.5,0.3 (5.8),268019,22539 (9.2),4907660,156163 (3.3),5.8,0.3 (5.5),296821,28802 (10.7),5098431,190771 (3.9)
"수원시",4.0,0.2 (5.3),17425,1359 (8.5),436304,8750 (2.0),4.3,0.3 (7.5),19069,1644 (9.4),445309,9005 (2.1),4.5,0.2 (4.7),20361,1292 (6.8),450819,5510 (1.2),4.8,0.3 (6.7),22002,1641 (8.1),457351,6532 (1.4),5.2,0.4 (8.3),24010,2008 (9.1),466089,8738 (1.9)
"성남시",5.0,0.3 (6.4),17865,1219 (7.3),358928,3429 (1.0),5.2,0.2 (4.0),18874,1009 (5.6),359515,587 (0.2),5.6,0.4 (7.7),19971,1097 (5.8),359322,-193 (-0.1),6.0,0.4 (7.1),21669,1698 (8.5),361413,2091 (0.6),6.4,0.4 (6.7),23569,1900 (8.8),369585,8172 (2.3)
"의정부시",5.9,0.4 (7.3),9264,696 (8.1),157212,2654 (1.7),6.2,0.3 (5.1),9871,607 (6.6),160020,2808 (1.8),6.4,0.2 (3.2),10520,649 (6.6),164439,4419 (2.8),6.8,0.4 (6.3),11541,1021 (9.7),170040,5601 (3.4),7.3,0.5 (7.4),12918,1377 (11.9),178067,8027 (4.7)
"안양시",4.6,0.3 (7.0),9426,625 (7.1),205736,254 (0.1),4.7,0.1 (2.2),9781,355 (3.8),205965,229 (0.1),5.1,0.4 (8.5),10367,586 (6.0),204984,-981 (-0.5),5.5,0.4 (7.8),11300,933 (9.0),205695,711 (0.3),6.0,0.5 (9.1),12152,852 (7.5),203441,-2254 (-1.1)
"부천시",4.8,0.3 (6.7),14673,1048 (7.7),304268,2738 (0.9),5.1,0.3 (6.3),15771,1098 (7.5),307764,3496 (1.1),5.4,0.3 (5.9),16826,1055 (6.7),311868,4104 (1.3),5.8,0.4 (7.4),18191,1365 (8.1),311910,42 (0.0),6.3,0.5 (8.6),20033,1842 (10.1),315696,3786 (1.2)
"광명시",5.2,0.4 (8.3),6020,403 (7.2),116670,-1000 (-0.8),5.6,0.4 (7.7),6491,471 (7.8),116608,-62 (-0.1),5.8,0.2 (3.6),6814,323 (5.0),117086,478 (0.4),6.3,0.5 (8.6),7220,406 (6.0),115414,-1672 (-1.4),6.7,0.4 (6.3),7461,241 (3.3),111383,-4031 (-3.5)
"평택시",5.3,0.1 (1.9),9131,553 (6.4),170771,6574 (4.0),5.4,0.1 (1.9),9662,531 (5.8),178518,7747 (4.5),5.6,0.2 (3.7),10459,797 (8.2),187813,9295 (5.2),5.7,0.1 (1.8),11254,795 (7.6),197997,10184 (5.4),5.9,0.2 (3.5),12486,1232 (10.9),213185,15188 (7.7)
"동두천시",8.7,0.5 (6.1),3214,232 (7.8),36740,526 (1.5),9.4,0.7 (8.0),3462,248 (7.7),36963,223 (0.6),9.7,0.3 (3.2),3622,160 (4.6),37226,263 (0.7),10.4,0.7 (7.2),3861,239 (6.6),37297,71 (0.2),11.4,1 (9.6),4320,459 (11.9),37936,639 (1.7)
"안산시",4.1,0.3 (7.9),10525,578 (5.8),256238,-2281 (-0.9),4.4,0.3 (7.3),11158,633 (6.0),254755,-1483 (-0.6),4.6,0.2 (4.5),11644,486 (4.4),251418,-3337 (-1.3),5.0,0.4 (8.7),12715,1071 (9.2),253140,1722 (0.7),5.4,0.4 (8.0),14048,1333 (10.5),260598,7458 (2.9)
"고양시",4.7,0.3 (6.8),16925,1313 (8.4),357684,6207 (1.8),5.0,0.3 (6.4),18040,1115 (6.6),364356,6672 (1.9),5.2,0.2 (4.0),19294,1254 (7.0),370108,5752 (1.6),5.5,0.3 (5.8),21278,1984 (10.3),385021,14913 (4.0),5.9,0.4 (7.3),23484,2206 (10.4),398864,13843 (3.6)
"과천시",5.5,0.2 (3.8),1175,-19 (-1.6),21211,-1330 (-5.9),5.5,0 (0.0),1024,-151 (-12.9),18491,-2720 (-12.8),5.7,0.2 (3.6),1059,35 (3.4),18678,187 (1.0),5.8,0.1 (1.8),1090,31 (2.9),18901,223 (1.2),6.0,0.2 (3.4),1220,130 (11.9),20504,1603 (8.5)
"구리시",4.7,0.3 (6.8),3086,288 (10.3),66000,2048 (3.2),5.0,0.3 (6.4),3421,335 (10.9),68928,2928 (4.4),5.1,0.1 (2.0),3676,255 (7.5),71874,2946 (4.3),5.7,0.6 (11.8),4075,399 (10.9),71974,100 (0.1),6.1,0.4 (7.0),4462,387 (9.5),73253,1279 (1.8)
"남양주시",4.4,0.3 (7.3),9715,988 (11.3),220424,5661 (2.6),4.8,0.4 (9.1),10809,1094 (11.3),224811,4387 (2.0),5.0,0.2 (4.2),11734,925 (8.6),232836,8025 (3.6),5.3,0.3 (6.0),13012,1278 (10.9),243802,10966 (4.7),5.8,0.5 (9.4),14642,1630 (12.5),252977,9175 (3.8)
"오산시",3.2,0.2 (6.7),2506,216 (9.4),77468,805 (1.1),3.4,0.2 (6.3),2731,225 (9.0),79379,1911 (2.5),3.6,0.2 (5.9),3022,291 (10.7),83469,4090 (5.2),3.9,0.3 (8.3),3436,414 (13.7),87151,3682 (4.4),4.3,0.4 (10.3),3912,476 (13.9),91909,4758 (5.5)
"시흥시",3.5,0.4 (12.9),5131,578 (12.7),145794,1225 (0.8),3.7,0.2 (5.7),5594,463 (9.0),152812,7018 (4.8),3.8,0.1 (2.7),6261,667 (11.9),165423,12611 (8.3),4.0,0.2 (5.3),7183,922 (14.7),178734,13311 (8.0),4.4,0.4 (10.0),8395,1212 (16.9),192833,14099 (7.9)
"군포시",4.8,0.4 (9.1),4690,402 (9.4),98411,281 (0.3),5.0,0.2 (4.2),4968,278 (5.9),98562,151 (0.2),5.4,0.4 (8.0),5327,359 (7.2),98728,166 (0.2),5.9,0.5 (9.3),5909,582 (10.9),100586,1858 (1.9),6.3,0.4 (6.8),6543,634 (10.7),103186,2600 (2.6)
"의왕시",4.3,0.3 (7.5),2309,161 (7.5),53705,298 (0.6),4.6,0.3 (7.0),2494,185 (8.0),53884,179 (0.3),5.0,0.4 (8.7),2662,168 (6.7),53682,-202 (-0.4),5.1,0.1 (2.0),2931,269 (10.1),57061,3379 (6.3),5.3,0.2 (3.9),3146,215 (7.3),59444,2383 (4.2)
"하남시",4.4,0 (0.0),3129,672 (27.4),71253,15564 (27.9),4.5,0.1 (2.3),3600,471 (15.1),80463,9210 (12.9),4.8,0.3 (6.7),4276,676 (18.8),89479,9016 (11.2),4.8,0 (0.0),4900,624 (14.6),101231,11752 (13.1),5.1,0.3 (6.3),5728,828 (16.9),112462,11231 (11.1)
"용인시",3.7,0.2 (5.7),12338,953 (8.4),330588,6276 (1.9),3.9,0.2 (5.4),13408,1070 (8.7),339699,9111 (2.8),4.1,0.2 (5.1),14770,1362 (10.2),355967,16268 (4.8),4.4,0.3 (7.3),16347,1577 (10.7),371752,15785 (4.4),4.8,0.4 (9.1),18610,2263 (13.8),386929,15177 (4.1)
"파주시",5.0,0.2 (4.2),7368,585 (8.6),146308,3643 (2.6),5.2,0.2 (4.0),7748,380 (5.2),150223,3915 (2.7),5.3,0.1 (1.9),8467,719 (9.3),159143,8920 (5.9),5.6,0.3 (5.7),9148,681 (8.0),164306,5163 (3.2),5.9,0.3 (5.4),10108,960 (10.5),170924,6618 (4.0)
"이천시",5.4,0.2 (3.8),3973,249 (6.7),73959,2268 (3.2),5.5,0.1 (1.9),4248,275 (6.9),76749,2790 (3.8),5.8,0.3 (5.5),4516,268 (6.3),78535,1786 (2.3),6.0,0.2 (3.4),4835,319 (7.1),80367,1832 (2.3),6.3,0.3 (5.0),5224,389 (8.0),83415,3048 (3.8)
"안성시",6.5,0.3 (4.8),4570,292 (6.8),70127,1462 (2.1),7.0,0.5 (7.7),4996,426 (9.3),71193,1066 (1.5),7.2,0.2 (2.9),5240,244 (4.9),72418,1225 (1.7),7.5,0.3 (4.2),5578,338 (6.5),74066,1648 (2.3),7.9,0.4 (5.3),6124,546 (9.8),77368,3302 (4.5)
"김포시",4.3,0.3 (7.5),5276,562 (11.9),123571,5347 (4.5),4.4,0.1 (2.3),5849,573 (10.9),134242,10671 (8.6),4.4,0 (0.0),6551,702 (12.0),147297,13055 (9.7),4.6,0.2 (4.5),7175,624 (9.5),156040,8743 (5.9),4.8,0.2 (4.3),8287,1112 (15.5),171854,15814 (10.1)
"화성시",3.3,0.1 (3.1),7208,832 (13.0),220427,18444 (9.1),3.3,0 (0.0),8002,794 (11.0),243048,22621 (10.3),3.3,0 (0.0),9081,1079 (13.5),271365,28317 (11.7),3.5,0.2 (6.1),10329,1248 (13.7),298397,27032 (10.0),3.6,0.1 (2.9),11612,1283 (12.4),321871,23474 (7.9)
"광주시",3.7,0.2 (5.7),4154,428 (11.5),112798,4936 (4.6),3.8,0.1 (2.7),4618,464 (11.2),120936,8138 (7.2),4.0,0.2 (5.3),5271,653 (14.1),131002,10066 (8.3),4.3,0.3 (7.5),5853,582 (11.0),136730,5728 (4.4),4.6,0.3 (7.0),6577,724 (12.4),143039,6309 (4.6)
"양주시",5.4,0.3 (5.9),3858,266 (7.4),71155,709 (1.0),5.8,0.4 (7.4),4377,519 (13.5),74886,3731 (5.2),6.3,0.5 (8.6),4917,540 (12.3),77928,3042 (4.1),6.7,0.4 (6.3),5437,520 (10.6),81582,3654 (4.7),7.2,0.5 (7.5),6252,815 (15.0),86650,5068 (6.2)
"포천시",7.5,0.5 (7.1),4283,337 (8.5),57054,455 (0.8),7.9,0.4 (5.3),4525,242 (5.7),57404,350 (0.6),8.2,0.3 (3.8),4788,263 (5.8),58539,1135 (2.0),8.8,0.6 (7.3),5117,329 (6.9),58273,-266 (-0.5),9.4,0.6 (6.8),5577,460 (9.0),59525,1252 (2.1)
"여주시",8.3,0.4 (5.1),3362,193 (6.1),40587,663 (1.7),8.6,0.3 (3.6),3594,232 (6.9),41709,1122 (2.8),8.8,0.2 (2.3),3721,127 (3.5),42310,601 (1.4),9.2,0.4 (4.5),3940,219 (5.9),42903,593 (1.4),9.8,0.6 (6.5),4326,386 (9.8),44234,1331 (3.1)
"연천군",11.7,0.1 (0.9),2107,70 (3.4),18077,543 (3.1),12.3,0.6 (5.1),2212,105 (5.0),18019,-58 (-0.3),12.7,0.4 (3.3),2302,90 (4.1),18089,70 (0.4),13.3,0.6 (4.7),2346,44 (1.9),17681,-408 (-2.3),14.3,1 (7.5),2578,232 (9.9),18014,333 (1.9)
"가평군",11.1,0.1 (0.9),2630,111 (4.4),23628,728 (3.2),11.5,0.4 (3.6),2775,145 (5.5),24201,573 (2.4),12.0,0.5 (4.3),2956,181 (6.5),24724,523 (2.2),12.4,0.4 (3.3),3085,129 (4.4),24950,226 (0.9),13.0,0.6 (4.8),3333,248 (8.0),25652,702 (2.8)
"양평군",10.4,0.5 (5.1),4297,384 (9.8),41328,1805 (4.6),10.8,0.4 (3.8),4718,421 (9.8),43538,2210 (5.3),11.1,0.3 (2.8),5005,287 (6.1),44928,1390 (3.2),11.5,0.4 (3.6),5262,257 (5.1),45895,967 (2.2),12.0,0.5 (4.3),5684,422 (8.0),47544,1649 (3.6)
"강원도",9.0,0.3 (3.4),55212,2542 (4.8),616346,10229 (1.7),9.4,0.4 (4.4),58379,3167 (5.7),620729,4383 (0.7),9.8,0.4 (4.3),61599,3220 (5.5),628484,7755 (1.2),10.2,0.4 (4.1),64894,3295 (5.3),633942,5458 (0.9),10.6,0.4 (3.9),70244,5350 (8.2),661039,27097 (4.3)
"춘천시",7.1,0.3 (4.4),7785,430 (5.8),109690,1663 (1.5),7.3,0.2 (2.8),8169,384 (4.9),111347,1657 (1.5),7.6,0.3 (4.1),8614,445 (5.4),112917,1570 (1.4),8.1,0.5 (6.6),9170,556 (6.5),113550,633 (0.6),8.5,0.4 (4.9),10058,888 (9.7),118030,4480 (3.9)
"원주시",6.1,0.1 (1.7),8057,480 (6.3),131233,4138 (3.3),6.4,0.3 (4.9),8671,614 (7.6),134649,3416 (2.6),6.7,0.3 (4.7),9269,598 (6.9),137823,3174 (2.4),7.0,0.3 (4.5),10034,765 (8.3),142352,4529 (3.3),7.3,0.3 (4.3),11041,1007 (10.0),150242,7890 (5.5)
"강릉시",8.9,0.3 (3.5),7900,388 (5.2),88622,1685 (1.9),9.3,0.4 (4.5),8319,419 (5.3),89874,1252 (1.4),9.6,0.3 (3.2),8680,361 (4.3),90664,790 (0.9),10.0,0.4 (4.2),9188,508 (5.9),92093,1429 (1.6),10.2,0.2 (2.0),9956,768 (8.4),98032,5939 (6.4)
"동해시",9.0,0.3 (3.4),3242,128 (4.1),35990,235 (0.7),9.6,0.6 (6.7),3440,198 (6.1),35956,-34 (-0.1),10.1,0.5 (5.2),3628,188 (5.5),35984,28 (0.1),10.6,0.5 (5.0),3828,200 (5.5),36214,230 (0.6),11.3,0.7 (6.6),4218,390 (10.2),37427,1213 (3.3)
"태백시",10.8,0.3 (2.9),2094,82 (4.1),19380,188 (1.0),11.7,0.9 (8.3),2205,111 (5.3),18886,-494 (-2.5),12.8,1.1 (9.4),2390,185 (8.4),18663,-223 (-1.2),13.3,0.5 (3.9),2464,74 (3.1),18536,-127 (-0.7),14.0,0.7 (5.3),2606,142 (5.8),18586,50 (0.3)
"속초시",8.9,0.4 (4.7),2921,129 (4.6),32809,150 (0.5),9.3,0.4 (4.5),3079,158 (5.4),33111,302 (0.9),9.7,0.4 (4.3),3270,191 (6.2),33623,512 (1.5),10.3,0.6 (6.2),3528,258 (7.9),34213,590 (1.8),10.9,0.6 (5.8),3877,349 (9.9),35551,1338 (3.9)
"삼척시",12.1,0.1 (0.8),3545,78 (2.2),29243,391 (1.4),12.8,0.7 (5.8),3685,140 (3.9),28828,-415 (-1.4),13.0,0.2 (1.6),3839,154 (4.2),29470,642 (2.2),13.2,0.2 (1.5),3890,51 (1.3),29361,-109 (-0.4),13.2,0 (0.0),4047,157 (4.0),30764,1403 (4.8)
"홍천군",11.4,0.5 (4.6),3099,183 (6.3),27220,397 (1.5),12.1,0.7 (6.1),3372,273 (8.8),27902,682 (2.5),12.6,0.5 (4.1),3580,208 (6.2),28314,412 (1.5),13.3,0.7 (5.6),3758,178 (5.0),28356,42 (0.1),13.7,0.4 (3.0),3999,241 (6.4),29207,851 (3.0)
"횡성군",12.4,0.1 (0.8),2158,49 (2.3),17421,308 (1.8),13.1,0.7 (5.6),2358,200 (9.3),17933,512 (2.9),13.3,0.2 (1.5),2475,117 (5.0),18612,679 (3.8),13.6,0.3 (2.3),2568,93 (3.8),18912,300 (1.6),14.4,0.8 (5.9),2811,243 (9.5),19524,612 (3.2)
"영월군",14.3,0.2 (1.4),2319,71 (3.2),16163,245 (1.5),15.0,0.7 (4.9),2468,149 (6.4),16406,243 (1.5),15.4,0.4 (2.7),2564,96 (3.9),16642,236 (1.4),16.2,0.8 (5.2),2693,129 (5.0),16608,-34 (-0.2),16.9,0.7 (4.3),2893,200 (7.4),17069,461 (2.8)
"평창군",12.6,0.4 (3.3),2173,85 (4.1),17269,170 (1.0),13.1,0.5 (4.0),2279,106 (4.9),17409,140 (0.8),13.7,0.6 (4.6),2413,134 (5.9),17612,203 (1.2),14.5,0.8 (5.8),2569,156 (6.5),17758,146 (0.8),15.3,0.8 (5.5),2795,226 (8.8),18305,547 (3.1)
"정선군",12.9,0.5 (4.0),1985,88 (4.6),15347,-6 (-0.0),13.3,0.4 (3.1),2048,63 (3.2),15360,13 (0.1),13.9,0.6 (4.5),2165,117 (5.7),15539,179 (1.2),14.5,0.6 (4.3),2264,99 (4.6),15595,56 (0.4),15.1,0.6 (4.1),2464,200 (8.8),16275,680 (4.4)
"철원군",9.5,0.3 (3.3),1755,44 (2.6),18526,-128 (-0.7),10.2,0.7 (7.4),1804,49 (2.8),17710,-816 (-4.4),11.1,0.9 (8.8),1897,93 (5.2),17064,-646 (-3.6),11.6,0.5 (4.5),1951,54 (2.8),16770,-294 (-1.7),12.2,0.6 (5.2),2066,115 (5.9),16968,198 (1.2)
"화천군",9.3,0.8 (9.4),1032,78 (8.2),11057,-154 (-1.4),10.6,1.3 (14.0),1091,59 (5.7),10274,-783 (-7.1),11.2,0.6 (5.7),1135,44 (4.0),10169,-105 (-1.0),11.7,0.5 (4.5),1137,2 (0.2),9713,-456 (-4.5),12.4,0.7 (6.0),1230,93 (8.2),9899,186 (1.9)
"양구군",8.5,0 (0.0),794,17 (2.2),9331,183 (2.0),9.6,1.1 (12.9),853,59 (7.4),8869,-462 (-5.0),9.9,0.3 (3.1),903,50 (5.9),9076,207 (2.3),10.9,1 (10.1),929,26 (2.9),8519,-557 (-6.1),11.2,0.3 (2.8),955,26 (2.8),8521,2 (0.0)
"인제군",9.5,0.9 (10.5),1214,103 (9.3),12840,-20 (-0.2),10.0,0.5 (5.3),1266,52 (4.3),12697,-143 (-1.1),10.4,0.4 (4.0),1332,66 (5.2),12768,71 (0.6),11.0,0.6 (5.8),1350,18 (1.4),12326,-442 (-3.5),11.5,0.5 (4.5),1443,93 (6.9),12592,266 (2.2)
"고성군",12.7,-0.1 (-0.8),1648,68 (4.3),12982,669 (5.4),13.9,1.2 (9.4),1696,48 (2.9),12160,-822 (-6.3),14.6,0.7 (5.0),1762,66 (3.9),12031,-129 (-1.1),16.0,1.4 (9.6),1777,15 (0.9),11132,-899 (-7.5),16.1,0.1 (0.6),1883,106 (6.0),11723,591 (5.3)
"양양군",13.3,0.2 (1.5),1491,41 (2.8),11223,115 (1.0),13.9,0.6 (4.5),1576,85 (5.7),11358,135 (1.2),14.6,0.7 (5.0),1683,107 (6.8),11513,155 (1.4),15.0,0.4 (2.7),1796,113 (6.7),11934,421 (3.7),15.4,0.4 (2.7),1902,106 (5.9),12324,390 (3.3)
"충청북도",8.0,0.2 (2.6),49483,2754 (5.9),617914,16058 (2.7),8.3,0.3 (3.8),52180,2697 (5.5),629073,11159 (1.8),8.5,0.2 (2.4),54792,2612 (5.0),640978,11905 (1.9),8.8,0.3 (3.5),57589,2797 (5.1),654713,13735 (2.1),9.1,0.3 (3.4),62016,4427 (7.7),678922,24209 (3.7)
"충주시",8.2,0.3 (3.8),6987,403 (6.1),85152,1567 (1.9),8.7,0.5 (6.1),7512,525 (7.5),86367,1215 (1.4),9.0,0.3 (3.4),7995,483 (6.4),88711,2344 (2.7),9.4,0.4 (4.4),8496,501 (6.3),90191,1480 (1.7),9.9,0.5 (5.3),9182,686 (8.1),93082,2891 (3.2)
"제천시",9.6,0.2 (2.1),5343,288 (5.7),55381,1832 (3.4),10.2,0.6 (6.3),5695,352 (6.6),56082,701 (1.3),10.5,0.3 (2.9),5936,241 (4.2),56476,394 (0.7),10.9,0.4 (3.8),6265,329 (5.5),57422,946 (1.7),11.4,0.5 (4.6),6781,516 (8.2),59680,2258 (3.9)
"청주시",5.5,0.2 (3.8),17229,1154 (7.2),314331,8330 (2.7),5.8,0.3 (5.5),18470,1241 (7.2),319969,5638 (1.8),6.0,0.2 (3.4),19566,1096 (5.9),325023,5054 (1.6),6.3,0.3 (5.0),20947,1381 (7.1),334431,9408 (2.9),6.5,0.2 (3.2),22809,1862 (8.9),348328,13897 (4.2)
"보은군",18.2,0.5 (2.8),2508,100 (4.2),13780,159 (1.2),18.4,0.2 (1.1),2562,54 (2.2),13945,165 (1.2),18.4,0 (0.0),2585,23 (0.9),14080,135 (1.0),18.7,0.3 (1.6),2625,40 (1.5),14044,-36 (-0.3),19.5,0.8 (4.3),2784,159 (6.1),14306,262 (1.9)
"옥천군",14.2,0.5 (3.6),2818,114 (4.2),19864,81 (0.4),14.6,0.4 (2.8),2924,106 (3.8),19997,133 (0.7),14.9,0.3 (2.1),3025,101 (3.5),20362,365 (1.8),15.1,0.2 (1.3),3078,53 (1.8),20331,-31 (-0.2),15.4,0.3 (2.0),3194,116 (3.8),20721,390 (1.9)
"영동군",15.5,0.5 (3.3),3237,117 (3.8),20873,57 (0.3),15.7,0.2 (1.3),3282,45 (1.4),20912,39 (0.2),16.1,0.4 (2.5),3362,80 (2.4),20915,3 (0.0),16.5,0.4 (2.5),3423,61 (1.8),20749,-166 (-0.8),16.7,0.2 (1.2),3502,79 (2.3),20984,235 (1.1)
"진천군",8.8,0.1 (1.1),2359,106 (4.7),26817,1001 (3.9),8.4,-0.4 (-4.5),2450,91 (3.9),29183,2366 (8.8),8.3,-0.1 (-1.2),2582,132 (5.4),31023,1840 (6.3),8.0,-0.3 (-3.6),2645,63 (2.4),32901,1878 (6.1),8.3,0.3 (3.8),2897,252 (9.5),34771,1870 (5.7)
"괴산군",16.6,0 (0.0),2693,105 (4.1),16214,603 (3.9),16.3,-0.3 (-1.8),2701,8 (0.3),16590,376 (2.3),16.5,0.2 (1.2),2774,73 (2.7),16765,175 (1.1),16.4,-0.1 (-0.6),2787,13 (0.5),17013,248 (1.5),15.8,-0.6 (-3.7),2881,94 (3.4),18209,1196 (7.0)
"음성군",8.4,0.1 (1.2),3261,204 (6.7),38634,1808 (4.9),8.8,0.4 (4.8),3426,165 (5.1),38717,83 (0.2),9.2,0.4 (4.5),3651,225 (6.6),39808,1091 (2.8),9.7,0.5 (5.4),3835,184 (5.0),39538,-270 (-0.7),10.5,0.8 (8.2),4253,418 (10.9),40342,804 (2.0)
"단양군",15.1,0.3 (2.0),1865,56 (3.1),12311,103 (0.8),15.6,0.5 (3.3),1932,67 (3.6),12390,79 (0.6),15.8,0.2 (1.3),1998,66 (3.4),12684,294 (2.4),16.6,0.8 (5.1),2109,111 (5.6),12719,35 (0.3),17.4,0.8 (4.8),2224,115 (5.5),12785,66 (0.5)
"증평군",8.1,0.4 (5.2),1183,107 (9.9),14557,517 (3.7),8.2,0.1 (1.2),1226,43 (3.6),14921,364 (2.5),8.7,0.5 (6.1),1318,92 (7.5),15131,210 (1.4),9.0,0.3 (3.4),1379,61 (4.6),15374,243 (1.6),9.6,0.6 (6.7),1509,130 (9.4),15714,340 (2.2)
"충청남도",8.5,0.3 (3.7),68899,3433 (5.2),813730,17545 (2.2),8.7,0.2 (2.4),72498,3599 (5.2),834986,21256 (2.6),8.9,0.2 (2.3),75698,3200 (4.4),851124,16138 (1.9),9.2,0.3 (3.4),79162,3464 (4.6),864102,12978 (1.5),9.5,0.3 (3.3),84471,5309 (6.7),892222,28120 (3.3)
"천안시",4.2,0.2 (5.0),9978,697 (7.5),238778,5287 (2.3),4.4,0.2 (4.8),10843,865 (8.7),248356,9578 (4.0),4.5,0.1 (2.3),11567,724 (6.7),256949,8593 (3.5),4.8,0.3 (6.7),12574,1007 (8.7),264383,7434 (2.9),5.1,0.3 (6.3),13953,1379 (11.0),275707,11324 (4.3)
"공주시",11.0,0.2 (1.9),4850,263 (5.7),43921,1460 (3.4),11.3,0.3 (2.7),5001,151 (3.1),44298,377 (0.9),11.7,0.4 (3.5),5198,197 (3.9),44552,254 (0.6),12.0,0.3 (2.6),5356,158 (3.0),44816,264 (0.6),12.2,0.2 (1.7),5647,291 (5.4),46165,1349 (3.0)
"보령시",11.6,0.3 (2.7),4744,153 (3.3),40782,91 (0.2),12.2,0.6 (5.2),5039,295 (6.2),41277,495 (1.2),12.6,0.4 (3.3),5230,191 (3.8),41506,229 (0.6),12.9,0.3 (2.4),5352,122 (2.3),41410,-96 (-0.2),13.5,0.6 (4.7),5710,358 (6.7),42417,1007 (2.4)
"아산시",5.7,0.2 (3.6),6454,391 (6.4),113605,3004 (2.7),5.8,0.1 (1.8),6883,429 (6.6),118216,4611 (4.1),6.1,0.3 (5.2),7311,428 (6.2),120613,2397 (2.0),6.3,0.2 (3.3),7777,466 (6.4),123229,2616 (2.2),6.7,0.4 (6.3),8521,744 (9.6),128012,4783 (3.9)
"서산시",7.8,0.3 (4.0),5021,273 (5.7),64727,1296 (2.0),8.1,0.3 (3.8),5357,336 (6.7),66351,1624 (2.5),8.4,0.3 (3.7),5731,374 (7.0),68462,2111 (3.2),8.5,0.1 (1.2),5970,239 (4.2),70024,1562 (2.3),8.7,0.2 (2.4),6342,372 (6.2),72765,2741 (3.9)
"논산시",12.9,0.4 (3.2),6228,221 (3.7),48460,465 (1.0),12.9,0 (0.0),6316,88 (1.4),48844,384 (0.8),13.4,0.5 (3.9),6518,202 (3.2),48759,-85 (-0.2),13.6,0.2 (1.5),6687,169 (2.6),49004,245 (0.5),13.9,0.3 (2.2),6961,274 (4.1),50139,1135 (2.3)
"계룡시",4.5,0.2 (4.7),630,44 (7.5),14051,506 (3.7),4.6,0.1 (2.2),688,58 (9.2),14890,839 (6.0),5.1,0.5 (10.9),764,76 (11.0),14905,15 (0.1),5.6,0.5 (9.8),842,78 (10.2),15028,123 (0.8),6.2,0.6 (10.7),934,92 (10.9),15137,109 (0.7)
"당진시",7.3,0.4 (5.8),4676,336 (7.7),64303,1606 (2.6),7.6,0.3 (4.1),5022,346 (7.4),65860,1557 (2.4),7.9,0.3 (3.9),5274,252 (5.0),67159,1299 (2.0),8.4,0.5 (6.3),5667,393 (7.5),67758,599 (0.9),8.8,0.4 (4.8),6055,388 (6.8),69099,1341 (2.0)
"금산군",13.2,0.2 (1.5),3156,199 (6.7),23913,1093 (4.8),14.1,0.9 (6.8),3254,98 (3.1),23044,-869 (-3.6),14.8,0.7 (5.0),3378,124 (3.8),22889,-155 (-0.7),15.5,0.7 (4.7),3474,96 (2.8),22450,-439 (-1.9),15.8,0.3 (1.9),3680,206 (5.9),23257,807 (3.6)
"부여군",16.9,0.5 (3.0),4733,169 (3.7),27985,133 (0.5),17.2,0.3 (1.8),4818,85 (1.8),27933,-52 (-0.2),17.4,0.2 (1.2),4915,97 (2.0),28265,332 (1.2),17.9,0.5 (2.9),5012,97 (2.0),27982,-283 (-1.0),18.5,0.6 (3.4),5233,221 (4.4),28332,350 (1.3)
"서천군",18.4,0.4 (2.2),4215,51 (1.2),22848,-298 (-1.3),18.7,0.3 (1.6),4278,63 (1.5),22895,47 (0.2),18.9,0.2 (1.1),4311,33 (0.8),22804,-91 (-0.4),19.6,0.7 (3.7),4431,120 (2.8),22581,-223 (-1.0),20.3,0.7 (3.6),4619,188 (4.2),22790,209 (0.9)
"청양군",17.5,0.1 (0.6),2294,34 (1.5),13084,80 (0.6),18.0,0.5 (2.9),2402,108 (4.7),13327,243 (1.9),18.0,0 (0.0),2429,27 (1.1),13493,166 (1.2),18.3,0.3 (1.7),2455,26 (1.1),13382,-111 (-0.8),18.4,0.1 (0.5),2496,41 (1.7),13532,150 (1.1)
"홍성군",10.7,-0.2 (-1.8),4283,266 (6.6),40135,3228 (8.7),11.0,0.3 (2.8),4574,291 (6.8),41692,1557 (3.9),11.3,0.3 (2.7),4695,121 (2.6),41721,29 (0.1),11.5,0.2 (1.8),4840,145 (3.1),42235,514 (1.2),11.8,0.3 (2.6),5116,276 (5.7),43192,957 (2.3)
"예산군",13.9,1.2 (9.4),4427,278 (6.7),31878,-817 (-2.5),14.3,0.4 (2.9),4593,166 (3.7),32014,136 (0.4),14.5,0.2 (1.4),4746,153 (3.3),32641,627 (2.0),14.8,0.3 (2.1),4876,130 (2.7),32933,292 (0.9),15.2,0.4 (2.7),5131,255 (5.2),33675,742 (2.3)
"태안군",12.7,0 (0.0),3210,58 (1.8),25260,411 (1.7),13.2,0.5 (3.9),3430,220 (6.9),25989,729 (2.9),13.8,0.6 (4.5),3631,201 (5.9),26406,417 (1.6),14.3,0.5 (3.6),3849,218 (6.0),26887,481 (1.8),14.5,0.2 (1.4),4073,224 (5.8),28003,1116 (4.2)
"전라북도",10.5,0.3 (2.9),75848,3028 (4.2),724678,7367 (1.0),10.7,0.2 (1.9),78121,2273 (3.0),728871,4193 (0.6),10.9,0.2 (1.9),80084,1963 (2.5),732980,4109 (0.6),11.2,0.3 (2.8),82834,2750 (3.4),738307,5327 (0.7),11.5,0.3 (2.7),86753,3919 (4.7),755575,17268 (2.3)
"전주시",6.3,0.4 (6.8),15605,999 (6.8),249563,2340 (0.9),6.5,0.2 (3.2),16478,873 (5.6),251668,2105 (0.8),6.8,0.3 (4.6),17364,886 (5.4),255604,3936 (1.6),7.1,0.3 (4.4),18627,1263 (7.3),261378,5774 (2.3),7.5,0.4 (5.6),20219,1592 (8.5),270768,9390 (3.6)
"군산시",8.1,0.3 (3.8),8713,480 (5.8),108113,1986 (1.9),8.5,0.4 (4.9),9231,518 (5.9),108211,98 (0.1),8.8,0.3 (3.5),9601,370 (4.0),108539,328 (0.3),9.3,0.5 (5.7),10145,544 (5.7),108999,460 (0.4),9.8,0.5 (5.4),10940,795 (7.8),111817,2818 (2.6)
"익산시",8.7,0.4 (4.8),10297,517 (5.3),117839,322 (0.3),9.0,0.3 (3.4),10650,353 (3.4),118594,755 (0.6),9.3,0.3 (3.3),10994,344 (3.2),118435,-159 (-0.1),9.7,0.4 (4.3),11459,465 (4.2),118313,-122 (-0.1),10.2,0.5 (5.2),12171,712 (6.2),119474,1161 (1.0)
"정읍시",15.7,0.4 (2.6),7130,220 (3.2),45300,181 (0.4),15.8,0.1 (0.6),7193,63 (0.9),45458,158 (0.3),15.9,0.1 (0.6),7246,53 (0.7),45514,56 (0.1),16.1,0.2 (1.3),7311,65 (0.9),45455,-59 (-0.1),16.3,0.2 (1.2),7489,178 (2.4),45970,515 (1.1)
"남원시",15.6,0.2 (1.3),5177,89 (1.7),33251,106 (0.3),16.0,0.4 (2.6),5343,166 (3.2),33315,64 (0.2),16.3,0.3 (1.9),5400,57 (1.1),33135,-180 (-0.5),16.4,0.1 (0.6),5460,60 (1.1),33242,107 (0.3),16.4,0 (0.0),5567,107 (2.0),33974,732 (2.2)
"김제시",17.6,0.4 (2.3),6138,184 (3.1),34789,118 (0.3),17.8,0.2 (1.1),6171,33 (0.5),34726,-63 (-0.2),17.9,0.1 (0.6),6206,35 (0.6),34621,-105 (-0.3),18.2,0.3 (1.7),6274,68 (1.1),34491,-130 (-0.4),18.4,0.2 (1.1),6382,108 (1.7),34697,206 (0.6)
"완주군",9.5,-0.1 (-1.0),3582,127 (3.7),37708,1806 (5.0),9.5,0 (0.0),3626,44 (1.2),38051,343 (0.9),9.8,0.3 (3.2),3717,91 (2.5),37860,-191 (-0.5),10.1,0.3 (3.1),3799,82 (2.2),37510,-350 (-0.9),10.3,0.2 (2.0),3986,187 (4.9),38551,1041 (2.8)
"진안군",19.5,0.7 (3.7),1942,76 (4.1),9981,49 (0.5),19.5,0 (0.0),1992,50 (2.6),10211,230 (2.3),19.5,0 (0.0),2028,36 (1.8),10374,163 (1.6),20.3,0.8 (4.1),2097,69 (3.4),10348,-26 (-0.3),19.6,-0.7 (-3.4),2089,-8 (-0.4),10674,326 (3.2)
"무주군",18.6,0.4 (2.2),1860,51 (2.8),9988,40 (0.4),18.8,0.2 (1.1),1904,44 (2.4),10140,152 (1.5),18.7,-0.1 (-0.5),1914,10 (0.5),10251,111 (1.1),18.8,0.1 (0.5),1938,24 (1.3),10296,45 (0.4),19.3,0.5 (2.7),2024,86 (4.4),10469,173 (1.7)
"장수군",18.7,0.3 (1.6),1694,43 (2.6),9041,66 (0.7),18.6,-0.1 (-0.5),1695,1 (0.1),9094,53 (0.6),19.1,0.5 (2.7),1759,64 (3.8),9213,119 (1.3),19.5,0.4 (2.1),1800,41 (2.3),9248,35 (0.4),19.5,0 (0.0),1832,32 (1.8),9383,135 (1.5)
"임실군",19.9,0 (0.0),2321,65 (2.9),11691,344 (3.0),20.1,0.2 (1.0),2380,59 (2.5),11852,161 (1.4),20.1,0 (0.0),2398,18 (0.8),11940,88 (0.7),19.9,-0.2 (-1.0),2387,-11 (-0.5),11985,45 (0.4),20.0,0.1 (0.5),2455,68 (2.8),12288,303 (2.5)
"순창군",21.0,-0.5 (-2.3),2412,-48 (-2.0),11464,24 (0.2),20.5,-0.5 (-2.4),2365,-47 (-1.9),11518,54 (0.5),20.2,-0.3 (-1.5),2344,-21 (-0.9),11577,59 (0.5),20.6,0.4 (2.0),2368,24 (1.0),11476,-101 (-0.9),20.4,-0.2 (-1.0),2374,6 (0.3),11647,171 (1.5)
"고창군",19.9,0.3 (1.5),4680,72 (1.6),23505,37 (0.2),20.3,0.4 (2.0),4793,113 (2.4),23614,109 (0.5),20.6,0.3 (1.5),4863,70 (1.5),23647,33 (0.1),20.8,0.2 (1.0),4904,41 (0.8),23540,-107 (-0.5),20.7,-0.1 (-0.5),4857,-47 (-1.0),23512,-28 (-0.1)
"부안군",19.1,0.7 (3.8),4297,153 (3.7),22445,-52 (-0.2),19.2,0.1 (0.5),4300,3 (0.1),22419,-26 (-0.1),19.1,-0.1 (-0.5),4250,-50 (-1.2),22270,-149 (-0.7),19.4,0.3 (1.6),4265,15 (0.4),22026,-244 (-1.1),19.5,0.1 (0.5),4368,103 (2.4),22351,325 (1.5)
"전라남도",13.2,0.3 (2.3),95844,2647 (2.8),727197,6585 (0.9),13.4,0.2 (1.5),98156,2312 (2.4),733757,6560 (0.9),13.5,0.1 (0.7),99832,1676 (1.7),737406,3649 (0.5),13.6,0.1 (0.7),100769,937 (0.9),741026,3620 (0.5),13.8,0.2 (1.5),105114,4345 (4.3),761518,20492 (2.8)
"목포시",7.9,0.5 (6.8),7338,465 (6.8),93334,591 (0.6),8.3,0.4 (5.1),7765,427 (5.8),93016,-318 (-0.3),8.8,0.5 (6.0),8146,381 (4.9),93021,5 (0.0),9.1,0.3 (3.4),8424,278 (3.4),92846,-175 (-0.2),9.6,0.5 (5.5),9091,667 (7.9),94391,1545 (1.7)
"여수시",8.9,0.5 (6.0),9530,580 (6.5),107641,1286 (1.2),9.2,0.3 (3.4),9959,429 (4.5),108207,566 (0.5),9.5,0.3 (3.3),10300,341 (3.4),108824,617 (0.6),9.7,0.2 (2.1),10618,318 (3.1),109473,649 (0.6),9.9,0.2 (2.1),11139,521 (4.9),112397,2924 (2.7)
"순천시",7.9,0.3 (3.9),7984,419 (5.5),101344,1445 (1.4),8.1,0.2 (2.5),8291,307 (3.8),102801,1457 (1.4),8.3,0.2 (2.5),8654,363 (4.4),104561,1760 (1.7),8.4,0.1 (1.2),8895,241 (2.8),106414,1853 (1.8),8.6,0.2 (2.4),9512,617 (6.9),110112,3698 (3.5)
"나주시",14.3,-0.5 (-3.4),5816,191 (3.4),40683,2598 (6.8),13.4,-0.9 (-6.3),5892,76 (1.3),44119,3436 (8.4),13.2,-0.2 (-1.5),6041,149 (2.5),45864,1745 (4.0),13.0,-0.2 (-1.5),6088,47 (0.8),46928,1064 (2.3),13.2,0.2 (1.5),6418,330 (5.4),48497,1569 (3.3)
"광양시",6.3,0.3 (5.0),3430,199 (6.2),54550,532 (1.0),6.6,0.3 (4.8),3644,214 (6.2),55138,588 (1.1),6.8,0.2 (3.0),3788,144 (4.0),55698,560 (1.0),6.9,0.1 (1.5),3886,98 (2.6),56134,436 (0.8),7.1,0.2 (2.9),4080,194 (5.0),57752,1618 (2.9)
"담양군",16.4,0.2 (1.2),2798,24 (0.9),17109,-25 (-0.1),16.3,-0.1 (-0.6),2864,66 (2.4),17545,436 (2.5),16.3,0 (0.0),2895,31 (1.1),17730,185 (1.1),16.1,-0.2 (-1.2),2852,-43 (-1.5),17663,-67 (-0.4),16.6,0.5 (3.1),2994,142 (5.0),18034,371 (2.1)
"곡성군",21.4,-0.5 (-2.3),2722,20 (0.7),12721,377 (3.1),21.7,0.3 (1.4),2776,54 (2.0),12810,89 (0.7),22.5,0.8 (3.7),2800,24 (0.9),12464,-346 (-2.7),21.7,-0.8 (-3.6),2743,-57 (-2.0),12630,166 (1.3),22.1,0.4 (1.8),2798,55 (2.0),12689,59 (0.5)
"구례군",19.7,0.7 (3.7),2114,120 (6.0),10736,254 (2.4),19.3,-0.4 (-2.0),2086,-28 (-1.3),10805,69 (0.6),19.4,0.1 (0.5),2107,21 (1.0),10839,34 (0.3),19.7,0.3 (1.5),2125,18 (0.9),10786,-53 (-0.5),20.6,0.9 (4.6),2270,145 (6.8),11009,223 (2.1)
"고흥군",24.7,0.8 (3.3),7209,240 (3.4),29198,62 (0.2),24.5,-0.2 (-0.8),7109,-100 (-1.4),28959,-239 (-0.8),24.5,0 (0.0),7100,-9 (-0.1),28993,34 (0.1),25.0,0.5 (2.0),7236,136 (1.9),28933,-60 (-0.2),25.6,0.6 (2.4),7557,321 (4.4),29520,587 (2.0)
"보성군",23.4,0.5 (2.2),4249,106 (2.6),18125,21 (0.1),23.5,0.1 (0.4),4233,-16 (-0.4),18037,-88 (-0.5),23.8,0.3 (1.3),4270,37 (0.9),17970,-67 (-0.4),24.0,0.2 (0.8),4250,-20 (-0.5),17708,-262 (-1.5),24.0,0 (0.0),4286,36 (0.8),17862,154 (0.9)
"화순군",16.6,0.2 (1.2),4146,35 (0.9),24953,-66 (-0.3),17.0,0.4 (2.4),4242,96 (2.3),24991,38 (0.2),17.4,0.4 (2.4),4334,92 (2.2),24869,-122 (-0.5),17.4,0 (0.0),4310,-24 (-0.6),24708,-161 (-0.6),17.5,0.1 (0.6),4441,131 (3.0),25343,635 (2.6)
"장흥군",21.0,0.4 (1.9),3425,62 (1.8),16297,-35 (-0.2),21.5,0.5 (2.4),3525,100 (2.9),16382,85 (0.5),21.6,0.1 (0.5),3538,13 (0.4),16356,-26 (-0.2),22.1,0.5 (2.3),3610,72 (2.0),16350,-6 (-0.0),22.2,0.1 (0.5),3661,51 (1.4),16484,134 (0.8)
"강진군",21.4,0.3 (1.4),3232,-6 (-0.2),15084,-241 (-1.6),21.7,0.3 (1.4),3276,44 (1.4),15108,24 (0.2),21.7,0 (0.0),3262,-14 (-0.4),15012,-96 (-0.6),21.8,0.1 (0.5),3250,-12 (-0.4),14918,-94 (-0.6),22.2,0.4 (1.8),3384,134 (4.1),15250,332 (2.2)
"해남군",19.3,0.2 (1.0),5581,6 (0.1),28953,-163 (-0.6),19.7,0.4 (2.1),5698,117 (2.1),28879,-74 (-0.3),20.0,0.3 (1.5),5739,41 (0.7),28634,-245 (-0.8),20.2,0.2 (1.0),5745,6 (0.1),28491,-143 (-0.5),20.5,0.3 (1.5),5940,195 (3.4),29031,540 (1.9)
"영암군",14.4,0.3 (2.1),3353,58 (1.8),23332,-8 (-0.0),15.1,0.7 (4.9),3471,118 (3.5),23014,-318 (-1.4),15.6,0.5 (3.3),3536,65 (1.9),22736,-278 (-1.2),15.4,-0.2 (-1.3),3503,-33 (-0.9),22747,11 (0.0),15.2,-0.2 (-1.3),3586,83 (2.4),23534,787 (3.5)
"무안군",11.6,-0.1 (-0.9),3627,27 (0.8),31359,598 (1.9),11.8,0.2 (1.7),3718,91 (2.5),31545,186 (0.6),11.8,0 (0.0),3721,3 (0.1),31570,25 (0.1),11.7,-0.1 (-0.8),3745,24 (0.6),32078,508 (1.6),10.8,-0.9 (-7.7),3853,108 (2.9),35628,3550 (11.1)
"함평군",21.5,0 (0.0),2887,-18 (-0.6),13400,-142 (-1.0),21.9,0.4 (1.9),2956,69 (2.4),13528,128 (1.0),22.0,0.1 (0.5),2951,-5 (-0.2),13412,-116 (-0.9),21.9,-0.1 (-0.5),2942,-9 (-0.3),13434,22 (0.2),22.5,0.6 (2.7),3050,108 (3.7),13538,104 (0.8)
"영광군",16.8,0.1 (0.6),3560,-11 (-0.3),21180,-246 (-1.1),17.3,0.5 (3.0),3690,130 (3.7),21314,134 (0.6),17.3,0 (0.0),3698,8 (0.2),21324,10 (0.0),17.3,0 (0.0),3688,-10 (-0.3),21345,21 (0.1),17.7,0.4 (2.3),3845,157 (4.3),21780,435 (2.0)
"장성군",16.9,0.2 (1.2),2805,-2 (-0.1),16603,-172 (-1.0),16.8,-0.1 (-0.6),2831,26 (0.9),16817,214 (1.3),16.8,0 (0.0),2825,-6 (-0.2),16850,33 (0.2),16.7,-0.1 (-0.6),2845,20 (0.7),17059,209 (1.2),16.8,0.1 (0.6),2900,55 (1.9),17291,232 (1.4)
"완도군",17.5,0.3 (1.7),3653,63 (1.8),20892,55 (0.3),17.7,0.2 (1.1),3715,62 (1.7),20933,41 (0.2),17.9,0.2 (1.1),3748,33 (0.9),20922,-11 (-0.1),17.8,-0.1 (-0.6),3700,-48 (-1.3),20810,-112 (-0.5),18.1,0.3 (1.7),3848,148 (4.0),21234,424 (2.0)
"진도군",22.4,0.6 (2.8),2957,76 (2.6),13173,-44 (-0.3),22.1,-0.3 (-1.3),2934,-23 (-0.8),13283,110 (0.8),22.0,-0.1 (-0.5),2899,-35 (-1.2),13185,-98 (-0.7),21.8,-0.2 (-0.9),2856,-43 (-1.5),13090,-95 (-0.7),22.0,0.2 (0.9),2945,89 (3.1),13400,310 (2.4)
"신안군",20.7,0 (0.0),3428,-7 (-0.2),16530,-92 (-0.6),21.1,0.4 (1.9),3481,53 (1.5),16526,-4 (-0.0),21.0,-0.1 (-0.5),3480,-1 (-0.0),16572,46 (0.3),21.0,0 (0.0),3458,-22 (-0.6),16481,-91 (-0.5),21.0,0 (0.0),3516,58 (1.7),16742,261 (1.6)
"경상북도",10.4,0.3 (3.0),111776,4599 (4.3),1076581,13857 (1.3),10.8,0.4 (3.8),116968,5192 (4.6),1087807,11226 (1.0),11.1,0.3 (2.8),121493,4525 (3.9),1094534,6727 (0.6),11.3,0.2 (1.8),124876,3383 (2.8),1102934,8400 (0.8),11.7,0.4 (3.5),132074,7198 (5.8),1131819,28885 (2.6)
"포항시",7.0,0.3 (4.5),14003,760 (5.7),199175,2148 (1.1),7.5,0.5 (7.1),15104,1101 (7.9),200102,927 (0.5),8.0,0.5 (6.7),16190,1086 (7.2),201456,1354 (0.7),8.4,0.4 (5.0),17040,850 (5.3),202492,1036 (0.5),9.0,0.6 (7.1),18743,1703 (10.0),207459,4967 (2.5)
"경주시",10.3,0.3 (3.0),10869,469 (4.5),105400,1714 (1.7),10.7,0.4 (3.9),11389,520 (4.8),106533,1133 (1.1),11.0,0.3 (2.8),11858,469 (4.1),107484,951 (0.9),11.2,0.2 (1.8),12169,311 (2.6),108194,710 (0.7),11.7,0.5 (4.5),13030,861 (7.1),111247,3053 (2.8)
"김천시",11.6,0.1 (0.9),6394,193 (3.1),55285,1540 (2.9),11.8,0.2 (1.7),6680,286 (4.5),56612,1327 (2.4),12.2,0.4 (3.4),6941,261 (3.9),56670,58 (0.1),12.5,0.3 (2.5),7148,207 (3.0),57408,738 (1.3),12.6,0.1 (0.8),7482,334 (4.7),59250,1842 (3.2)
"안동시",11.3,0.3 (2.7),7735,309 (4.2),68192,499 (0.7),11.9,0.6 (5.3),8113,378 (4.9),68249,57 (0.1),12.4,0.5 (4.2),8453,340 (4.2),68050,-199 (-0.3),12.9,0.5 (4.0),8789,336 (4.0),68285,235 (0.3),13.0,0.1 (0.8),9222,433 (4.9),70934,2649 (3.9)
"구미시",3.8,0.2 (5.6),6103,402 (7.1),159917,2212 (1.4),4.0,0.2 (5.3),6557,454 (7.4),162429,2512 (1.6),4.3,0.3 (7.5),6970,413 (6.3),163405,976 (0.6),4.5,0.2 (4.7),7406,436 (6.3),164752,1347 (0.8),4.8,0.3 (6.7),8068,662 (8.9),169519,4767 (2.9)
"영주시",12.2,0.4 (3.4),5453,291 (5.6),44582,899 (2.1),12.6,0.4 (3.3),5664,211 (3.9),44844,262 (0.6),13.2,0.6 (4.8),5880,216 (3.8),44681,-163 (-0.4),13.6,0.4 (3.0),6028,148 (2.5),44303,-378 (-0.8),13.8,0.2 (1.5),6306,278 (4.6),45636,1333 (3.0)
"영천시",14.6,0.6 (4.3),5974,353 (6.3),40947,679 (1.7),14.9,0.3 (2.1),6229,255 (4.3),41681,734 (1.8),15.3,0.4 (2.7),6474,245 (3.9),42328,647 (1.6),15.2,-0.1 (-0.7),6572,98 (1.5),43310,982 (2.3),15.2,0 (0.0),6834,262 (4.0),44842,1532 (3.5)
"상주시",16.5,-0.1 (-0.6),6938,125 (1.8),41997,961 (2.3),17.0,0.5 (3.0),7180,242 (3.5),42274,277 (0.7),17.3,0.3 (1.8),7332,152 (2.1),42327,53 (0.1),17.3,0 (0.0),7361,29 (0.4),42579,252 (0.6),17.5,0.2 (1.2),7636,275 (3.7),43717,1138 (2.7)
"문경시",15.9,0.5 (3.2),4757,172 (3.8),29825,17 (0.1),16.5,0.6 (3.8),4919,162 (3.4),29841,16 (0.1),17.1,0.6 (3.6),5120,201 (4.1),29855,14 (0.0),17.4,0.3 (1.8),5219,99 (1.9),30068,213 (0.7),17.9,0.5 (2.9),5475,256 (4.9),30574,506 (1.7)
"경산시",6.3,0.3 (5.0),6718,423 (6.7),106396,825 (0.8),6.6,0.3 (4.8),7165,447 (6.7),108602,2206 (2.1),7.0,0.4 (6.1),7625,460 (6.4),109175,573 (0.5),7.2,0.2 (2.9),8032,407 (5.3),112324,3149 (2.9),7.5,0.3 (4.2),8767,735 (9.2),116127,3803 (3.4)
"군위군",21.1,0 (0.0),2142,28 (1.3),10166,127 (1.3),21.5,0.4 (1.9),2239,97 (4.5),10410,244 (2.4),21.6,0.1 (0.5),2286,47 (2.1),10565,155 (1.5),21.5,-0.1 (-0.5),2272,-14 (-0.6),10560,-5 (-0.0),21.6,0.1 (0.5),2321,49 (2.2),10726,166 (1.6)
"의성군",23.1,0.2 (0.9),5476,64 (1.2),23733,66 (0.3),23.5,0.4 (1.7),5574,98 (1.8),23688,-45 (-0.2),23.7,0.2 (0.9),5604,30 (0.5),23679,-9 (-0.0),23.5,-0.2 (-0.8),5597,-7 (-0.1),23767,88 (0.4),23.5,0 (0.0),5662,65 (1.2),24119,352 (1.5)
"청송군",18.6,0.2 (1.1),2119,33 (1.6),11401,78 (0.7),19.2,0.6 (3.2),2197,78 (3.7),11454,53 (0.5),19.4,0.2 (1.0),2239,42 (1.9),11518,64 (0.6),19.6,0.2 (1.0),2251,12 (0.5),11512,-6 (-0.1),20.1,0.5 (2.6),2353,102 (4.5),11723,211 (1.8)
"영양군",20.2,0.4 (2.0),1525,28 (1.9),7559,-19 (-0.3),20.8,0.6 (3.0),1575,50 (3.3),7565,6 (0.1),21.1,0.3 (1.4),1598,23 (1.5),7585,20 (0.3),21.3,0.2 (0.9),1603,5 (0.3),7539,-46 (-0.6),21.9,0.6 (2.8),1677,74 (4.6),7661,122 (1.6)
"영덕군",21.4,0.2 (0.9),3656,91 (2.6),17096,277 (1.6),22.0,0.6 (2.8),3747,91 (2.5),17015,-81 (-0.5),22.3,0.3 (1.4),3789,42 (1.1),17027,12 (0.1),22.2,-0.1 (-0.4),3752,-37 (-1.0),16918,-109 (-0.6),23.0,0.8 (3.6),3907,155 (4.1),16969,51 (0.3)
"청도군",20.1,0.4 (2.0),3654,106 (3.0),18170,179 (1.0),20.8,0.7 (3.5),3828,174 (4.8),18361,191 (1.1),21.0,0.2 (1.0),3877,49 (1.3),18438,77 (0.4),21.0,0 (0.0),3909,32 (0.8),18616,178 (1.0),21.1,0.1 (0.5),3978,69 (1.8),18821,205 (1.1)
"고령군",14.7,0.7 (5.0),1984,82 (4.3),13476,-151 (-1.1),15.3,0.6 (4.1),2070,86 (4.3),13519,43 (0.3),15.9,0.6 (3.9),2151,81 (3.9),13506,-13 (-0.1),16.4,0.5 (3.1),2209,58 (2.7),13468,-38 (-0.3),17.2,0.8 (4.9),2322,113 (5.1),13498,30 (0.2)
"성주군",15.3,0.6 (4.1),2659,148 (5.9),17324,289 (1.7),15.7,0.4 (2.6),2745,86 (3.2),17479,155 (0.9),15.9,0.2 (1.3),2803,58 (2.1),17677,198 (1.1),16.3,0.4 (2.5),2908,105 (3.7),17835,158 (0.9),16.5,0.2 (1.2),3010,102 (3.5),18255,420 (2.4)
"칠곡군",6.2,0.3 (5.1),2924,180 (6.6),46899,656 (1.4),6.5,0.3 (4.8),3051,127 (4.3),47094,195 (0.4),6.7,0.2 (3.1),3176,125 (4.1),47160,66 (0.1),7.2,0.5 (7.5),3326,150 (4.7),46237,-923 (-2.0),7.7,0.5 (6.9),3612,286 (8.6),46786,549 (1.2)
"예천군",20.3,-0.1 (-0.5),3958,118 (3.1),19459,656 (3.5),19.7,-0.6 (-3.0),4028,70 (1.8),20413,954 (4.9),18.4,-1.3 (-6.6),4110,82 (2.0),22350,1937 (9.5),18.1,-0.3 (-1.6),4231,121 (2.9),23382,1032 (4.6),17.9,-0.2 (-1.1),4306,75 (1.8),24041,659 (2.8)
"봉화군",19.2,1 (5.5),2690,158 (6.2),14034,154 (1.1),19.8,0.6 (3.1),2777,87 (3.2),14052,18 (0.1),20.0,0.2 (1.0),2804,27 (1.0),14044,-8 (-0.1),20.2,0.2 (1.0),2824,20 (0.7),13992,-52 (-0.4),20.7,0.5 (2.5),2914,90 (3.2),14092,100 (0.7)
"울진군",16.9,0.1 (0.6),3648,51 (1.4),21569,103 (0.5),17.3,0.4 (2.4),3730,82 (2.2),21518,-51 (-0.2),17.6,0.3 (1.7),3769,39 (1.0),21409,-109 (-0.5),17.7,0.1 (0.6),3785,16 (0.4),21332,-77 (-0.4),18.2,0.5 (2.8),3942,157 (4.1),21707,375 (1.8)
"울릉군",10.0,0.5 (5.3),397,15 (3.9),3979,-52 (-1.3),10.0,0 (0.0),407,10 (2.5),4072,93 (2.3),10.7,0.7 (7.0),444,37 (9.1),4145,73 (1.8),11.0,0.3 (2.8),445,1 (0.2),4061,-84 (-2.0),12.3,1.3 (11.8),507,62 (13.9),4116,55 (1.4)
"경상남도",8.6,0.3 (3.6),108935,4694 (4.5),1273523,15036 (1.2),8.8,0.2 (2.3),114010,5075 (4.7),1292998,19475 (1.5),9.1,0.3 (3.4),118767,4757 (4.2),1306394,13396 (1.0),9.4,0.3 (3.3),123835,5068 (4.3),1321213,14819 (1.1),9.8,0.4 (4.3),132723,8888 (7.2),1350155,28942 (2.2)
"진주시",7.9,0.2 (2.6),10760,420 (4.1),135912,2393 (1.8),8.2,0.3 (3.8),11259,499 (4.6),137521,1609 (1.2),8.6,0.4 (4.9),11880,621 (5.5),137960,439 (0.3),8.9,0.3 (3.5),12479,599 (5.0),140718,2758 (2.0),9.1,0.2 (2.2),13355,876 (7.0),146660,5942 (4.2)
"통영시",8.8,0.5 (6.0),4690,262 (5.9),53411,174 (0.3),9.3,0.5 (5.7),4948,258 (5.5),53306,-105 (-0.2),9.8,0.5 (5.4),5222,274 (5.5),53250,-56 (-0.1),10.3,0.5 (5.1),5462,240 (4.6),53200,-50 (-0.1),10.9,0.6 (5.8),5886,424 (7.8),53758,558 (1.0)
"사천시",11.3,0.3 (2.7),5051,154 (3.1),44690,185 (0.4),11.6,0.3 (2.7),5191,140 (2.8),44894,204 (0.5),11.7,0.1 (0.9),5347,156 (3.0),45623,729 (1.6),12.0,0.3 (2.6),5455,108 (2.0),45589,-34 (-0.1),12.4,0.4 (3.3),5766,311 (5.7),46540,951 (2.1)
"김해시",4.8,0.3 (6.7),8962,597 (7.1),187699,1042 (0.6),5.1,0.3 (6.3),9712,750 (8.4),192078,4379 (2.3),5.3,0.2 (3.9),10241,529 (5.4),194797,2719 (1.4),5.6,0.3 (5.7),11179,938 (9.2),201314,6517 (3.3),5.9,0.3 (5.4),12296,1117 (10.0),207272,5958 (3.0)
"밀양시",15.5,0.3 (2.0),6817,252 (3.8),43959,840 (1.9),16.0,0.5 (3.2),7116,299 (4.4),44465,506 (1.2),16.3,0.3 (1.9),7305,189 (2.7),44774,309 (0.7),16.6,0.3 (1.8),7443,138 (1.9),44923,149 (0.3),16.9,0.3 (1.8),7787,344 (4.6),45948,1025 (2.3)
"거제시",4.0,0.1 (2.6),3824,172 (4.7),95037,1056 (1.1),4.4,0.4 (10.0),4148,324 (8.5),95116,79 (0.1),4.7,0.3 (6.8),4416,268 (6.5),93740,-1376 (-1.4),5.0,0.3 (6.4),4663,247 (5.6),93728,-12 (-0.0),5.5,0.5 (10.0),5241,578 (12.4),95837,2109 (2.3)
"양산시",5.8,0.3 (5.5),6709,686 (11.4),115933,6629 (6.1),6.0,0.2 (3.4),7555,846 (12.6),125887,9954 (8.6),6.2,0.2 (3.3),8243,688 (9.1),132069,6182 (4.9),6.6,0.4 (6.5),8926,683 (8.3),134260,2191 (1.7),7.3,0.7 (10.6),10111,1185 (13.3),138629,4369 (3.3)
"창원시",5.8,0.4 (7.4),22852,1634 (7.7),393675,2417 (0.6),6.2,0.4 (6.9),24388,1536 (6.7),395762,2087 (0.5),6.5,0.3 (4.8),25893,1505 (6.2),399353,3591 (0.9),6.9,0.4 (6.2),27845,1952 (7.5),403524,4171 (1.0),7.6,0.7 (10.1),30993,3148 (11.3),409688,6164 (1.5)
"의령군",24.6,0.3 (1.2),2980,23 (0.8),12126,-47 (-0.4),24.7,0.1 (0.4),2977,-3 (-0.1),12057,-69 (-0.6),24.2,-0.5 (-2.0),2954,-23 (-0.8),12196,139 (1.2),24.5,0.3 (1.2),2976,22 (0.7),12144,-52 (-0.4),24.0,-0.5 (-2.0),2962,-14 (-0.5),12321,177 (1.5)
"함안군",14.3,0.9 (6.7),3848,266 (7.4),26929,204 (0.8),14.3,0 (0.0),3835,-13 (-0.3),26869,-60 (-0.2),14.7,0.4 (2.8),3936,101 (2.6),26844,-25 (-0.1),14.8,0.1 (0.7),3925,-11 (-0.3),26560,-284 (-1.1),15.5,0.7 (4.7),4139,214 (5.5),26634,74 (0.3)
"창녕군",18.2,0 (0.0),4793,68 (1.4),26306,317 (1.2),18.2,0 (0.0),4857,64 (1.3),26652,346 (1.3),18.4,0.2 (1.1),4922,65 (1.3),26707,55 (0.2),18.4,0 (0.0),4893,-29 (-0.6),26590,-117 (-0.4),18.6,0.2 (1.1),4996,103 (2.1),26908,318 (1.2)
"고성군",17.6,0.4 (2.3),3895,66 (1.7),22101,-146 (-0.7),17.7,0.1 (0.6),3936,41 (1.1),22176,75 (0.3),18.2,0.5 (2.8),4021,85 (2.2),22148,-28 (-0.1),18.4,0.2 (1.1),4009,-12 (-0.3),21824,-324 (-1.5),18.8,0.4 (2.2),4134,125 (3.1),22039,215 (1.0)
"남해군",22.6,-0.3 (-1.3),4387,-125 (-2.8),19442,-229 (-1.2),23.0,0.4 (1.8),4468,81 (1.8),19431,-11 (-0.1),23.3,0.3 (1.3),4528,60 (1.3),19431,0 (0.0),23.3,0 (0.0),4500,-28 (-0.6),19316,-115 (-0.6),23.1,-0.2 (-0.9),4502,2 (0.0),19501,185 (1.0)
"하동군",18.4,0.3 (1.7),3534,47 (1.3),19208,-106 (-0.5),18.7,0.3 (1.6),3597,63 (1.8),19254,46 (0.2),19.1,0.4 (2.1),3690,93 (2.6),19352,98 (0.5),19.3,0.2 (1.0),3738,48 (1.3),19387,35 (0.2),19.8,0.5 (2.6),3843,105 (2.8),19435,48 (0.2)
"산청군",20.4,-0.1 (-0.5),3062,-7 (-0.2),15044,53 (0.4),20.5,0.1 (0.5),3124,62 (2.0),15275,231 (1.5),20.6,0.1 (0.5),3174,50 (1.6),15406,131 (0.9),21.1,0.5 (2.4),3236,62 (2.0),15356,-50 (-0.3),21.1,0 (0.0),3297,61 (1.9),15611,255 (1.7)
"함양군",21.0,0 (0.0),3521,18 (0.5),16780,110 (0.7),21.1,0.1 (0.5),3577,56 (1.6),16916,136 (0.8),20.9,-0.2 (-0.9),3582,5 (0.1),17119,203 (1.2),21.2,0.3 (1.4),3640,58 (1.6),17165,46 (0.3),21.7,0.5 (2.4),3759,119 (3.3),17361,196 (1.1)
"거창군",17.0,0.1 (0.6),4233,65 (1.6),24958,242 (1.0),17.2,0.2 (1.2),4325,92 (2.2),25105,147 (0.6),17.4,0.2 (1.2),4417,92 (2.1),25430,325 (1.3),17.5,0.1 (0.6),4472,55 (1.2),25491,61 (0.2),17.8,0.3 (1.7),4599,127 (2.8),25874,383 (1.5)
"합천군",24.7,0.6 (2.5),5017,96 (2.0),20313,-98 (-0.5),24.7,0 (0.0),4997,-20 (-0.4),20234,-79 (-0.4),24.7,0 (0.0),4996,-1 (-0.0),20195,-39 (-0.2),24.8,0.1 (0.4),4994,-2 (-0.0),20124,-71 (-0.4),25.1,0.3 (1.2),5057,63 (1.3),20139,15 (0.1)
"제주특별자치도",6.3,0.1 (1.6),14390,670 (4.9),229337,8968 (4.1),6.4,0.1 (1.6),15276,886 (6.2),240215,10878 (4.7),6.4,0 (0.0),16022,746 (4.9),248998,8783 (3.7),6.6,0.2 (3.1),16832,810 (5.1),253716,4718 (1.9),6.9,0.3 (4.5),18183,1351 (8.0),263068,9352 (3.7)
"제주시",5.8,0.2 (3.6),9721,514 (5.6),168957,5503 (3.4),5.9,0.1 (1.7),10306,585 (6.0),175447,6490 (3.8),6.0,0.1 (1.7),10764,458 (4.4),180880,5433 (3.1),6.1,0.1 (1.7),11295,531 (4.9),184488,3608 (2.0),6.4,0.3 (4.9),12217,922 (8.2),191619,7131 (3.9)
"서귀포시",7.7,-0.2 (-2.5),4669,156 (3.5),60380,3465 (6.1),7.7,0 (0.0),4970,301 (6.4),64768,4388 (7.3),7.7,0 (0.0),5258,288 (5.8),68118,3350 (5.2),8.0,0.3 (3.9),5537,279 (5.3),69228,1110 (1.6),8.4,0.4 (5.0),5966,429 (7.7),71449,2221 (3.2)
